symbol,1638777660000,1638806400000,1638806500314,1638806600501,1638806700690,1638806800875,1638806901064,1638807001239,1638807101423,1638807201607,1638807301787,1638807401969,1638807502159,1638807602596,1638807702775,1638807802960,1638807903141,1638808003332,1638808103525,1638808203716,1638808303911,1638808404094,1638808504286,1638808604477,1638808704661,1638808804853,1638808905045,1638809005612,1638809106194,1638809206376,1638809306571,1638809406761,1638809506942,1638809607129,1638809707314,1638809807505,1638809908086,1638835200000,1638835300354,1638835400526,1638835500685,1638835600857,1638835701028,1638835801189,1638835901372,1638836001535,1638836102007,1638836202175,1638836302329,1638836402499,1638836502977,1638836603136,1638836703326,1638836803499,1638836903665,1638837003860,1638837104031,1638837204203,1638837304378,1638837404554,1638837504720,1638837604879,1638837703964,1638837804130,1638837904311,1638838004482,1638838104667,1638838204837,1638838305016,1638838405180,1638838505346,1638838605523,1638838705704
CTSIUSDT,0.0001,0.0001,0.0001,0.0001,0.0001,0.0001,0.0001,0.0001,0.0001,0.0001,0.0001,0.0001,0.0001,0.0001,0.0001,0.0001,0.0001,0.0001,0.0001,0.0001,0.0001,0.0001,0.0001,0.0001,0.0001,0.0001,0.0001,0.0001,0.0001,0.0001,0.0001,0.0001,0.0001,0.0001,0.0001,0.0001,0.0001,0.0001,0.0001,0.0001,0.0001,0.0001,0.0001,0.0001,0.0001,0.0001,0.0001,0.0001,0.0001,0.0001,0.0001,0.0001,0.0001,0.0001,0.0001,0.0001,0.0001,0.0001,0.0001,0.0001,0.0001,0.0001,0.0001,0.0001,0.0001,0.0001,0.0001,0.0001,0.0001,0.0001,0.0001,0.0001,0.00010000
CVCUSDT,0.0001,0.0001,0.0001,0.0001,0.0001,0.0001,0.0001,0.0001,0.0001,0.0001,0.0001,0.0001,0.0001,0.0001,0.0001,0.0001,0.0001,0.0001,0.0001,0.0001,0.0001,0.0001,0.0001,0.0001,0.0001,0.0001,0.0001,0.0001,0.0001,0.0001,0.0001,0.0001,0.0001,0.0001,0.0001,0.0001,0.0001,0.0001,-0.00011974,-0.00011974,-0.00011974,-0.00011974,-0.00011974,-0.00011974,-0.00011974,-0.00011974,-0.00011974,-0.00011974,-0.00011974,-0.00011974,-0.00011974,-0.00011974,-0.00011974,-0.00011974,-0.00011974,-0.00011974,-0.00011974,-0.00011974,-0.00011974,-0.00011974,-0.00011974,-0.00011974,-0.00011974,-0.00011974,-0.00011974,-0.00011974,-0.00011974,-0.00011974,-0.00011974,-0.00011974,-0.00011974,-0.00011974,-0.00011974
DASHUSDT,0.0001,0.0001,0.0001,0.0001,0.0001,0.0001,0.0001,0.0001,0.0001,0.0001,0.0001,0.0001,0.0001,0.0001,0.0001,0.0001,0.0001,0.0001,0.0001,0.0001,0.0001,0.0001,0.0001,0.0001,0.0001,0.0001,0.0001,0.0001,0.0001,0.0001,0.0001,0.0001,0.0001,0.0001,0.0001,0.0001,0.0001,0.0001,0.0001,0.0001,0.0001,0.0001,0.0001,0.0001,0.0001,0.0001,0.0001,0.0001,0.0001,0.0001,0.0001,0.0001,0.0001,0.0001,0.0001,0.0001,0.0001,0.0001,0.0001,0.0001,0.0001,0.0001,0.0001,0.0001,0.0001,0.0001,0.0001,0.0001,0.0001,0.0001,0.0001,0.0001,0.00010000
DEFIUSDT,0.0001,0.0001,0.0001,0.0001,0.0001,0.0001,0.0001,0.0001,0.0001,0.0001,0.0001,0.0001,0.0001,0.0001,0.0001,0.0001,0.0001,0.0001,0.0001,0.0001,0.0001,0.0001,0.0001,0.0001,0.0001,0.0001,0.0001,0.0001,0.0001,0.0001,0.0001,0.0001,0.0001,0.0001,0.0001,0.0001,0.0001,0.0001,0.0001,0.0001,0.0001,0.0001,0.0001,0.0001,0.0001,0.0001,0.0001,0.0001,0.0001,0.0001,0.0001,0.0001,0.0001,0.0001,0.0001,0.0001,0.0001,0.0001,0.0001,0.0001,0.0001,0.0001,0.0001,0.0001,0.0001,0.0001,0.0001,0.0001,0.0001,0.0001,0.0001,0.0001,0.00010000
DENTUSDT,0.0001,0.0001,-4.74e-05,-4.74e-05,-4.74e-05,-4.74e-05,-4.74e-05,-4.74e-05,-4.74e-05,-4.74e-05,-4.74e-05,-4.74e-05,-4.74e-05,-4.74e-05,-4.74e-05,-4.74e-05,-4.74e-05,-4.74e-05,-4.74e-05,-4.74e-05,-4.74e-05,-4.74e-05,-4.74e-05,-4.74e-05,-4.74e-05,-4.74e-05,-4.74e-05,-4.74e-05,-4.74e-05,-4.74e-05,-4.74e-05,-4.74e-05,-4.74e-05,-4.74e-05,-4.74e-05,-4.74e-05,-4.74e-05,-4.74e-05,8.966e-05,8.966e-05,8.966e-05,8.966e-05,8.966e-05,8.966e-05,8.966e-05,8.966e-05,8.966e-05,8.966e-05,8.966e-05,8.966e-05,8.966e-05,8.966e-05,8.966e-05,8.966e-05,8.966e-05,8.966e-05,8.966e-05,8.966e-05,8.966e-05,8.966e-05,8.966e-05,8.966e-05,8.966e-05,8.966e-05,8.966e-05,8.966e-05,8.966e-05,8.966e-05,8.966e-05,8.966e-05,8.966e-05,8.966e-05,0.00008966
DGBUSDT,7.343e-05,7.343e-05,2.487e-05,2.487e-05,2.487e-05,2.487e-05,2.487e-05,2.487e-05,2.487e-05,2.487e-05,2.487e-05,2.487e-05,2.487e-05,2.487e-05,2.487e-05,2.487e-05,2.487e-05,2.487e-05,2.487e-05,2.487e-05,2.487e-05,2.487e-05,2.487e-05,2.487e-05,2.487e-05,2.487e-05,2.487e-05,2.487e-05,2.487e-05,2.487e-05,2.487e-05,2.487e-05,2.487e-05,2.487e-05,2.487e-05,2.487e-05,2.487e-05,2.487e-05,-0.00013433,-0.00013433,-0.00013433,-0.00013433,-0.00013433,-0.00013433,-0.00013433,-0.00013433,-0.00013433,-0.00013433,-0.00013433,-0.00013433,-0.00013433,-0.00013433,-0.00013433,-0.00013433,-0.00013433,-0.00013433,-0.00013433,-0.00013433,-0.00013433,-0.00013433,-0.00013433,-0.00013433,-0.00013433,-0.00013433,-0.00013433,-0.00013433,-0.00013433,-0.00013433,-0.00013433,-0.00013433,-0.00013433,-0.00013433,-0.00013433
DODOUSDT,0.0001,0.0001,0.0001,0.0001,0.0001,0.0001,0.0001,0.0001,0.0001,0.0001,0.0001,0.0001,0.0001,0.0001,0.0001,0.0001,0.0001,0.0001,0.0001,0.0001,0.0001,0.0001,0.0001,0.0001,0.0001,0.0001,0.0001,0.0001,0.0001,0.0001,0.0001,0.0001,0.0001,0.0001,0.0001,0.0001,0.0001,0.0001,-0.00014808,-0.00014808,-0.00014808,-0.00014808,-0.00014808,-0.00014808,-0.00014808,-0.00014808,-0.00014808,-0.00014808,-0.00014808,-0.00014808,-0.00014808,-0.00014808,-0.00014808,-0.00014808,-0.00014808,-0.00014808,-0.00014808,-0.00014808,-0.00014808,-0.00014808,-0.00014808,-0.00014808,-0.00014808,-0.00014808,-0.00014808,-0.00014808,-0.00014808,-0.00014808,-0.00014808,-0.00014808,-0.00014808,-0.00014808,-0.00014808
DOGEBUSD,-0.00021343,-0.00021343,0.0001,0.0001,0.0001,0.0001,0.0001,0.0001,0.0001,0.0001,0.0001,0.0001,0.0001,0.0001,0.0001,0.0001,0.0001,0.0001,0.0001,0.0001,0.0001,0.0001,0.0001,0.0001,0.0001,0.0001,0.0001,0.0001,0.0001,0.0001,0.0001,0.0001,0.0001,0.0001,0.0001,0.0001,0.0001,0.0001,8.131e-05,8.131e-05,8.131e-05,8.131e-05,8.131e-05,8.131e-05,8.131e-05,8.131e-05,8.131e-05,8.131e-05,8.131e-05,8.131e-05,8.131e-05,8.131e-05,8.131e-05,8.131e-05,8.131e-05,8.131e-05,8.131e-05,8.131e-05,8.131e-05,8.131e-05,8.131e-05,8.131e-05,8.131e-05,8.131e-05,8.131e-05,8.131e-05,8.131e-05,8.131e-05,8.131e-05,8.131e-05,8.131e-05,8.131e-05,0.00008131
DOGEUSDT,-3.727e-05,-3.727e-05,9.2e-05,9.2e-05,9.2e-05,9.2e-05,9.2e-05,9.2e-05,9.2e-05,9.2e-05,9.2e-05,9.2e-05,9.2e-05,9.2e-05,9.2e-05,9.2e-05,9.2e-05,9.2e-05,9.2e-05,9.2e-05,9.2e-05,9.2e-05,9.2e-05,9.2e-05,9.2e-05,9.2e-05,9.2e-05,9.2e-05,9.2e-05,9.2e-05,9.2e-05,9.2e-05,9.2e-05,9.2e-05,9.2e-05,9.2e-05,9.2e-05,9.2e-05,5.857e-05,5.857e-05,5.857e-05,5.857e-05,5.857e-05,5.857e-05,5.857e-05,5.857e-05,5.857e-05,5.857e-05,5.857e-05,5.857e-05,5.857e-05,5.857e-05,5.857e-05,5.857e-05,5.857e-05,5.857e-05,5.857e-05,5.857e-05,5.857e-05,5.857e-05,5.857e-05,5.857e-05,5.857e-05,5.857e-05,5.857e-05,5.857e-05,5.857e-05,5.857e-05,5.857e-05,5.857e-05,5.857e-05,5.857e-05,0.00005857
DOTUSDT,9.977e-05,9.977e-05,3.07e-05,3.07e-05,3.07e-05,3.07e-05,3.07e-05,3.07e-05,3.07e-05,3.07e-05,3.07e-05,3.07e-05,3.07e-05,3.07e-05,3.07e-05,3.07e-05,3.07e-05,3.07e-05,3.07e-05,3.07e-05,3.07e-05,3.07e-05,3.07e-05,3.07e-05,3.07e-05,3.07e-05,3.07e-05,3.07e-05,3.07e-05,3.07e-05,3.07e-05,3.07e-05,3.07e-05,3.07e-05,3.07e-05,3.07e-05,3.07e-05,3.07e-05,7.2e-06,7.2e-06,7.2e-06,7.2e-06,7.2e-06,7.2e-06,7.2e-06,7.2e-06,7.2e-06,7.2e-06,7.2e-06,7.2e-06,7.2e-06,7.2e-06,7.2e-06,7.2e-06,7.2e-06,7.2e-06,7.2e-06,7.2e-06,7.2e-06,7.2e-06,7.2e-06,7.2e-06,7.2e-06,7.2e-06,7.2e-06,7.2e-06,7.2e-06,7.2e-06,7.2e-06,7.2e-06,7.2e-06,7.2e-06,0.00000720
DYDXUSDT,0.0001,0.0001,0.0001,0.0001,0.0001,0.0001,0.0001,0.0001,0.0001,0.0001,0.0001,0.0001,0.0001,0.0001,0.0001,0.0001,0.0001,0.0001,0.0001,0.0001,0.0001,0.0001,0.0001,0.0001,0.0001,0.0001,0.0001,0.0001,0.0001,0.0001,0.0001,0.0001,0.0001,0.0001,0.0001,0.0001,0.0001,0.0001,7.532e-05,7.532e-05,7.532e-05,7.532e-05,7.532e-05,7.532e-05,7.532e-05,7.532e-05,7.532e-05,7.532e-05,7.532e-05,7.532e-05,7.532e-05,7.532e-05,7.532e-05,7.532e-05,7.532e-05,7.532e-05,7.532e-05,7.532e-05,7.532e-05,7.532e-05,7.532e-05,7.532e-05,7.532e-05,7.532e-05,7.532e-05,7.532e-05,7.532e-05,7.532e-05,7.532e-05,7.532e-05,7.532e-05,7.532e-05,0.00007532
EGLDUSDT,-0.00178782,-0.00178782,-0.00127626,-0.00127626,-0.00127626,-0.00127626,-0.00127626,-0.00127626,-0.00127626,-0.00127626,-0.00127626,-0.00127626,-0.00127626,-0.00127626,-0.00127626,-0.00127626,-0.00127626,-0.00127626,-0.00127626,-0.00127626,-0.00127626,-0.00127626,-0.00127626,-0.00127626,-0.00127626,-0.00127626,-0.00127626,-0.00127626,-0.00127626,-0.00127626,-0.00127626,-0.00127626,-0.00127626,-0.00127626,-0.00127626,-0.00127626,-0.00127626,-0.00127626,-0.00154454,-0.00154454,-0.00154454,-0.00154454,-0.00154454,-0.00154454,-0.00154454,-0.00154454,-0.00154454,-0.00154454,-0.00154454,-0.00154454,-0.00154454,-0.00154454,-0.00154454,-0.00154454,-0.00154454,-0.00154454,-0.00154454,-0.00154454,-0.00154454,-0.00154454,-0.00154454,-0.00154454,-0.00154454,-0.00154454,-0.00154454,-0.00154454,-0.00154454,-0.00154454,-0.00154454,-0.00154454,-0.00154454,-0.00154454,-0.00154454
ENJUSDT,0.0001,0.0001,-6.375e-05,-6.375e-05,-6.375e-05,-6.375e-05,-6.375e-05,-6.375e-05,-6.375e-05,-6.375e-05,-6.375e-05,-6.375e-05,-6.375e-05,-6.375e-05,-6.375e-05,-6.375e-05,-6.375e-05,-6.375e-05,-6.375e-05,-6.375e-05,-6.375e-05,-6.375e-05,-6.375e-05,-6.375e-05,-6.375e-05,-6.375e-05,-6.375e-05,-6.375e-05,-6.375e-05,-6.375e-05,-6.375e-05,-6.375e-05,-6.375e-05,-6.375e-05,-6.375e-05,-6.375e-05,-6.375e-05,-6.375e-05,-0.00033047,-0.00033047,-0.00033047,-0.00033047,-0.00033047,-0.00033047,-0.00033047,-0.00033047,-0.00033047,-0.00033047,-0.00033047,-0.00033047,-0.00033047,-0.00033047,-0.00033047,-0.00033047,-0.00033047,-0.00033047,-0.00033047,-0.00033047,-0.00033047,-0.00033047,-0.00033047,-0.00033047,-0.00033047,-0.00033047,-0.00033047,-0.00033047,-0.00033047,-0.00033047,-0.00033047,-0.00033047,-0.00033047,-0.00033047,-0.00033047
ENSUSDT,0.0001,0.0001,0.0001,0.0001,0.0001,0.0001,0.0001,0.0001,0.0001,0.0001,0.0001,0.0001,0.0001,0.0001,0.0001,0.0001,0.0001,0.0001,0.0001,0.0001,0.0001,0.0001,0.0001,0.0001,0.0001,0.0001,0.0001,0.0001,0.0001,0.0001,0.0001,0.0001,0.0001,0.0001,0.0001,0.0001,0.0001,0.0001,0.0001,0.0001,0.0001,0.0001,0.0001,0.0001,0.0001,0.0001,0.0001,0.0001,0.0001,0.0001,0.0001,0.0001,0.0001,0.0001,0.0001,0.0001,0.0001,0.0001,0.0001,0.0001,0.0001,0.0001,0.0001,0.0001,0.0001,0.0001,0.0001,0.0001,0.0001,0.0001,0.0001,0.0001,0.00010000
EOSUSDT,0.0001,0.0001,0.0001,0.0001,0.0001,0.0001,0.0001,0.0001,0.0001,0.0001,0.0001,0.0001,0.0001,0.0001,0.0001,0.0001,0.0001,0.0001,0.0001,0.0001,0.0001,0.0001,0.0001,0.0001,0.0001,0.0001,0.0001,0.0001,0.0001,0.0001,0.0001,0.0001,0.0001,0.0001,0.0001,0.0001,0.0001,0.0001,1.85e-05,1.85e-05,1.85e-05,1.85e-05,1.85e-05,1.85e-05,1.85e-05,1.85e-05,1.85e-05,1.85e-05,1.85e-05,1.85e-05,1.85e-05,1.85e-05,1.85e-05,1.85e-05,1.85e-05,1.85e-05,1.85e-05,1.85e-05,1.85e-05,1.85e-05,1.85e-05,1.85e-05,1.85e-05,1.85e-05,1.85e-05,1.85e-05,1.85e-05,1.85e-05,1.85e-05,1.85e-05,1.85e-05,1.85e-05,0.00001850
ETCUSDT,-2.933e-05,-2.933e-05,-0.00011934,-0.00011934,-0.00011934,-0.00011934,-0.00011934,-0.00011934,-0.00011934,-0.00011934,-0.00011934,-0.00011934,-0.00011934,-0.00011934,-0.00011934,-0.00011934,-0.00011934,-0.00011934,-0.00011934,-0.00011934,-0.00011934,-0.00011934,-0.00011934,-0.00011934,-0.00011934,-0.00011934,-0.00011934,-0.00011934,-0.00011934,-0.00011934,-0.00011934,-0.00011934,-0.00011934,-0.00011934,-0.00011934,-0.00011934,-0.00011934,-0.00011934,-0.00017147,-0.00017147,-0.00017147,-0.00017147,-0.00017147,-0.00017147,-0.00017147,-0.00017147,-0.00017147,-0.00017147,-0.00017147,-0.00017147,-0.00017147,-0.00017147,-0.00017147,-0.00017147,-0.00017147,-0.00017147,-0.00017147,-0.00017147,-0.00017147,-0.00017147,-0.00017147,-0.00017147,-0.00017147,-0.00017147,-0.00017147,-0.00017147,-0.00017147,-0.00017147,-0.00017147,-0.00017147,-0.00017147,-0.00017147,-0.00017147
ETHBUSD,0.0001,0.0001,0.0001,0.0001,0.0001,0.0001,0.0001,0.0001,0.0001,0.0001,0.0001,0.0001,0.0001,0.0001,0.0001,0.0001,0.0001,0.0001,0.0001,0.0001,0.0001,0.0001,0.0001,0.0001,0.0001,0.0001,0.0001,0.0001,0.0001,0.0001,0.0001,0.0001,0.0001,0.0001,0.0001,0.0001,0.0001,0.0001,0.0001,0.0001,0.0001,0.0001,0.0001,0.0001,0.0001,0.0001,0.0001,0.0001,0.0001,0.0001,0.0001,0.0001,0.0001,0.0001,0.0001,0.0001,0.0001,0.0001,0.0001,0.0001,0.0001,0.0001,0.0001,0.0001,0.0001,0.0001,0.0001,0.0001,0.0001,0.0001,0.0001,0.0001,0.00010000
ETHUSDT,0.0001,0.0001,0.0001,0.0001,0.0001,0.0001,0.0001,0.0001,0.0001,0.0001,0.0001,0.0001,0.0001,0.0001,0.0001,0.0001,0.0001,0.0001,0.0001,0.0001,0.0001,0.0001,0.0001,0.0001,0.0001,0.0001,0.0001,0.0001,0.0001,0.0001,0.0001,0.0001,0.0001,0.0001,0.0001,0.0001,0.0001,0.0001,0.0001,0.0001,0.0001,0.0001,0.0001,0.0001,0.0001,0.0001,0.0001,0.0001,0.0001,0.0001,0.0001,0.0001,0.0001,0.0001,0.0001,0.0001,0.0001,0.0001,0.0001,0.0001,0.0001,0.0001,0.0001,0.0001,0.0001,0.0001,0.0001,0.0001,0.0001,0.0001,0.0001,0.0001,0.00010000
FILUSDT,0.0001,0.0001,0.0001,0.0001,0.0001,0.0001,0.0001,0.0001,0.0001,0.0001,0.0001,0.0001,0.0001,0.0001,0.0001,0.0001,0.0001,0.0001,0.0001,0.0001,0.0001,0.0001,0.0001,0.0001,0.0001,0.0001,0.0001,0.0001,0.0001,0.0001,0.0001,0.0001,0.0001,0.0001,0.0001,0.0001,0.0001,0.0001,0.0001,0.0001,0.0001,0.0001,0.0001,0.0001,0.0001,0.0001,0.0001,0.0001,0.0001,0.0001,0.0001,0.0001,0.0001,0.0001,0.0001,0.0001,0.0001,0.0001,0.0001,0.0001,0.0001,0.0001,0.0001,0.0001,0.0001,0.0001,0.0001,0.0001,0.0001,0.0001,0.0001,0.0001,0.00010000
FLMUSDT,0.0001,0.0001,0.0001,0.0001,0.0001,0.0001,0.0001,0.0001,0.0001,0.0001,0.0001,0.0001,0.0001,0.0001,0.0001,0.0001,0.0001,0.0001,0.0001,0.0001,0.0001,0.0001,0.0001,0.0001,0.0001,0.0001,0.0001,0.0001,0.0001,0.0001,0.0001,0.0001,0.0001,0.0001,0.0001,0.0001,0.0001,0.0001,0.0001,0.0001,0.0001,0.0001,0.0001,0.0001,0.0001,0.0001,0.0001,0.0001,0.0001,0.0001,0.0001,0.0001,0.0001,0.0001,0.0001,0.0001,0.0001,0.0001,0.0001,0.0001,0.0001,0.0001,0.0001,0.0001,0.0001,0.0001,0.0001,0.0001,0.0001,0.0001,0.0001,0.0001,0.00010000
FTMUSDT,0.0001,0.0001,0.0001,0.0001,0.0001,0.0001,0.0001,0.0001,0.0001,0.0001,0.0001,0.0001,0.0001,0.0001,0.0001,0.0001,0.0001,0.0001,0.0001,0.0001,0.0001,0.0001,0.0001,0.0001,0.0001,0.0001,0.0001,0.0001,0.0001,0.0001,0.0001,0.0001,0.0001,0.0001,0.0001,0.0001,0.0001,0.0001,-5.44e-06,-5.44e-06,-5.44e-06,-5.44e-06,-5.44e-06,-5.44e-06,-5.44e-06,-5.44e-06,-5.44e-06,-5.44e-06,-5.44e-06,-5.44e-06,-5.44e-06,-5.44e-06,-5.44e-06,-5.44e-06,-5.44e-06,-5.44e-06,-5.44e-06,-5.44e-06,-5.44e-06,-5.44e-06,-5.44e-06,-5.44e-06,-5.44e-06,-5.44e-06,-5.44e-06,-5.44e-06,-5.44e-06,-5.44e-06,-5.44e-06,-5.44e-06,-5.44e-06,-5.44e-06,-0.00000544
FTTBUSD,0.0001,0.0001,2.11e-05,2.11e-05,2.11e-05,2.11e-05,2.11e-05,2.11e-05,2.11e-05,2.11e-05,2.11e-05,2.11e-05,2.11e-05,2.11e-05,2.11e-05,2.11e-05,2.11e-05,2.11e-05,2.11e-05,2.11e-05,2.11e-05,2.11e-05,2.11e-05,2.11e-05,2.11e-05,2.11e-05,2.11e-05,2.11e-05,2.11e-05,2.11e-05,2.11e-05,2.11e-05,2.11e-05,2.11e-05,2.11e-05,2.11e-05,2.11e-05,2.11e-05,0.0001,0.0001,0.0001,0.0001,0.0001,0.0001,0.0001,0.0001,0.0001,0.0001,0.0001,0.0001,0.0001,0.0001,0.0001,0.0001,0.0001,0.0001,0.0001,0.0001,0.0001,0.0001,0.0001,0.0001,0.0001,0.0001,0.0001,0.0001,0.0001,0.0001,0.0001,0.0001,0.0001,0.0001,0.00010000
GALAUSDT,0.0001,0.0001,0.0001,0.0001,0.0001,0.0001,0.0001,0.0001,0.0001,0.0001,0.0001,0.0001,0.0001,0.0001,0.0001,0.0001,0.0001,0.0001,0.0001,0.0001,0.0001,0.0001,0.0001,0.0001,0.0001,0.0001,0.0001,0.0001,0.0001,0.0001,0.0001,0.0001,0.0001,0.0001,0.0001,0.0001,0.0001,0.0001,7.877e-05,7.877e-05,7.877e-05,7.877e-05,7.877e-05,7.877e-05,7.877e-05,7.877e-05,7.877e-05,7.877e-05,7.877e-05,7.877e-05,7.877e-05,7.877e-05,7.877e-05,7.877e-05,7.877e-05,7.877e-05,7.877e-05,7.877e-05,7.877e-05,7.877e-05,7.877e-05,7.877e-05,7.877e-05,7.877e-05,7.877e-05,7.877e-05,7.877e-05,7.877e-05,7.877e-05,7.877e-05,7.877e-05,7.877e-05,0.00007877
GRTUSDT,0.0001,0.0001,0.0001,0.0001,0.0001,0.0001,0.0001,0.0001,0.0001,0.0001,0.0001,0.0001,0.0001,0.0001,0.0001,0.0001,0.0001,0.0001,0.0001,0.0001,0.0001,0.0001,0.0001,0.0001,0.0001,0.0001,0.0001,0.0001,0.0001,0.0001,0.0001,0.0001,0.0001,0.0001,0.0001,0.0001,0.0001,0.0001,5.376e-05,5.376e-05,5.376e-05,5.376e-05,5.376e-05,5.376e-05,5.376e-05,5.376e-05,5.376e-05,5.376e-05,5.376e-05,5.376e-05,5.376e-05,5.376e-05,5.376e-05,5.376e-05,5.376e-05,5.376e-05,5.376e-05,5.376e-05,5.376e-05,5.376e-05,5.376e-05,5.376e-05,5.376e-05,5.376e-05,5.376e-05,5.376e-05,5.376e-05,5.376e-05,5.376e-05,5.376e-05,5.376e-05,5.376e-05,0.00005376
GTCUSDT,0.0001,0.0001,0.0001,0.0001,0.0001,0.0001,0.0001,0.0001,0.0001,0.0001,0.0001,0.0001,0.0001,0.0001,0.0001,0.0001,0.0001,0.0001,0.0001,0.0001,0.0001,0.0001,0.0001,0.0001,0.0001,0.0001,0.0001,0.0001,0.0001,0.0001,0.0001,0.0001,0.0001,0.0001,0.0001,0.0001,0.0001,0.0001,0.0001,0.0001,0.0001,0.0001,0.0001,0.0001,0.0001,0.0001,0.0001,0.0001,0.0001,0.0001,0.0001,0.0001,0.0001,0.0001,0.0001,0.0001,0.0001,0.0001,0.0001,0.0001,0.0001,0.0001,0.0001,0.0001,0.0001,0.0001,0.0001,0.0001,0.0001,0.0001,0.0001,0.0001,0.00010000
HBARUSDT,0.0001,0.0001,0.0001,0.0001,0.0001,0.0001,0.0001,0.0001,0.0001,0.0001,0.0001,0.0001,0.0001,0.0001,0.0001,0.0001,0.0001,0.0001,0.0001,0.0001,0.0001,0.0001,0.0001,0.0001,0.0001,0.0001,0.0001,0.0001,0.0001,0.0001,0.0001,0.0001,0.0001,0.0001,0.0001,0.0001,0.0001,0.0001,4.722e-05,4.722e-05,4.722e-05,4.722e-05,4.722e-05,4.722e-05,4.722e-05,4.722e-05,4.722e-05,4.722e-05,4.722e-05,4.722e-05,4.722e-05,4.722e-05,4.722e-05,4.722e-05,4.722e-05,4.722e-05,4.722e-05,4.722e-05,4.722e-05,4.722e-05,4.722e-05,4.722e-05,4.722e-05,4.722e-05,4.722e-05,4.722e-05,4.722e-05,4.722e-05,4.722e-05,4.722e-05,4.722e-05,4.722e-05,0.00004722
HNTUSDT,0.0001,0.0001,0.0001,0.0001,0.0001,0.0001,0.0001,0.0001,0.0001,0.0001,0.0001,0.0001,0.0001,0.0001,0.0001,0.0001,0.0001,0.0001,0.0001,0.0001,0.0001,0.0001,0.0001,0.0001,0.0001,0.0001,0.0001,0.0001,0.0001,0.0001,0.0001,0.0001,0.0001,0.0001,0.0001,0.0001,0.0001,0.0001,0.0001,0.0001,0.0001,0.0001,0.0001,0.0001,0.0001,0.0001,0.0001,0.0001,0.0001,0.0001,0.0001,0.0001,0.0001,0.0001,0.0001,0.0001,0.0001,0.0001,0.0001,0.0001,0.0001,0.0001,0.0001,0.0001,0.0001,0.0001,0.0001,0.0001,0.0001,0.0001,0.0001,0.0001,0.00010000
HOTUSDT,0.0001,0.0001,0.0001,0.0001,0.0001,0.0001,0.0001,0.0001,0.0001,0.0001,0.0001,0.0001,0.0001,0.0001,0.0001,0.0001,0.0001,0.0001,0.0001,0.0001,0.0001,0.0001,0.0001,0.0001,0.0001,0.0001,0.0001,0.0001,0.0001,0.0001,0.0001,0.0001,0.0001,0.0001,0.0001,0.0001,0.0001,0.0001,-2.121e-05,-2.121e-05,-2.121e-05,-2.121e-05,-2.121e-05,-2.121e-05,-2.121e-05,-2.121e-05,-2.121e-05,-2.121e-05,-2.121e-05,-2.121e-05,-2.121e-05,-2.121e-05,-2.121e-05,-2.121e-05,-2.121e-05,-2.121e-05,-2.121e-05,-2.121e-05,-2.121e-05,-2.121e-05,-2.121e-05,-2.121e-05,-2.121e-05,-2.121e-05,-2.121e-05,-2.121e-05,-2.121e-05,-2.121e-05,-2.121e-05,-2.121e-05,-2.121e-05,-2.121e-05,-0.00002121
ICPUSDT,0.0001,0.0001,0.0001,0.0001,0.0001,0.0001,0.0001,0.0001,0.0001,0.0001,0.0001,0.0001,0.0001,0.0001,0.0001,0.0001,0.0001,0.0001,0.0001,0.0001,0.0001,0.0001,0.0001,0.0001,0.0001,0.0001,0.0001,0.0001,0.0001,0.0001,0.0001,0.0001,0.0001,0.0001,0.0001,0.0001,0.0001,0.0001,0.0001,0.0001,0.0001,0.0001,0.0001,0.0001,0.0001,0.0001,0.0001,0.0001,0.0001,0.0001,0.0001,0.0001,0.0001,0.0001,0.0001,0.0001,0.0001,0.0001,0.0001,0.0001,0.0001,0.0001,0.0001,0.0001,0.0001,0.0001,0.0001,0.0001,0.0001,0.0001,0.0001,0.0001,0.00010000
ICXUSDT,0.0001,0.0001,0.0001,0.0001,0.0001,0.0001,0.0001,0.0001,0.0001,0.0001,0.0001,0.0001,0.0001,0.0001,0.0001,0.0001,0.0001,0.0001,0.0001,0.0001,0.0001,0.0001,0.0001,0.0001,0.0001,0.0001,0.0001,0.0001,0.0001,0.0001,0.0001,0.0001,0.0001,0.0001,0.0001,0.0001,0.0001,0.0001,-8.506e-05,-8.506e-05,-8.506e-05,-8.506e-05,-8.506e-05,-8.506e-05,-8.506e-05,-8.506e-05,-8.506e-05,-8.506e-05,-8.506e-05,-8.506e-05,-8.506e-05,-8.506e-05,-8.506e-05,-8.506e-05,-8.506e-05,-8.506e-05,-8.506e-05,-8.506e-05,-8.506e-05,-8.506e-05,-8.506e-05,-8.506e-05,-8.506e-05,-8.506e-05,-8.506e-05,-8.506e-05,-8.506e-05,-8.506e-05,-8.506e-05,-8.506e-05,-8.506e-05,-8.506e-05,-0.00008506
IOSTUSDT,0.0001,0.0001,0.0001,0.0001,0.0001,0.0001,0.0001,0.0001,0.0001,0.0001,0.0001,0.0001,0.0001,0.0001,0.0001,0.0001,0.0001,0.0001,0.0001,0.0001,0.0001,0.0001,0.0001,0.0001,0.0001,0.0001,0.0001,0.0001,0.0001,0.0001,0.0001,0.0001,0.0001,0.0001,0.0001,0.0001,0.0001,0.0001,9.754e-05,9.754e-05,9.754e-05,9.754e-05,9.754e-05,9.754e-05,9.754e-05,9.754e-05,9.754e-05,9.754e-05,9.754e-05,9.754e-05,9.754e-05,9.754e-05,9.754e-05,9.754e-05,9.754e-05,9.754e-05,9.754e-05,9.754e-05,9.754e-05,9.754e-05,9.754e-05,9.754e-05,9.754e-05,9.754e-05,9.754e-05,9.754e-05,9.754e-05,9.754e-05,9.754e-05,9.754e-05,9.754e-05,9.754e-05,0.00009754
IOTAUSDT,0.0001,0.0001,0.0001,0.0001,0.0001,0.0001,0.0001,0.0001,0.0001,0.0001,0.0001,0.0001,0.0001,0.0001,0.0001,0.0001,0.0001,0.0001,0.0001,0.0001,0.0001,0.0001,0.0001,0.0001,0.0001,0.0001,0.0001,0.0001,0.0001,0.0001,0.0001,0.0001,0.0001,0.0001,0.0001,0.0001,0.0001,0.0001,-0.00021013,-0.00021013,-0.00021013,-0.00021013,-0.00021013,-0.00021013,-0.00021013,-0.00021013,-0.00021013,-0.00021013,-0.00021013,-0.00021013,-0.00021013,-0.00021013,-0.00021013,-0.00021013,-0.00021013,-0.00021013,-0.00021013,-0.00021013,-0.00021013,-0.00021013,-0.00021013,-0.00021013,-0.00021013,-0.00021013,-0.00021013,-0.00021013,-0.00021013,-0.00021013,-0.00021013,-0.00021013,-0.00021013,-0.00021013,-0.00021013
IOTXUSDT,0.0001,0.0001,1.343e-05,1.343e-05,1.343e-05,1.343e-05,1.343e-05,1.343e-05,1.343e-05,1.343e-05,1.343e-05,1.343e-05,1.343e-05,1.343e-05,1.343e-05,1.343e-05,1.343e-05,1.343e-05,1.343e-05,1.343e-05,1.343e-05,1.343e-05,1.343e-05,1.343e-05,1.343e-05,1.343e-05,1.343e-05,1.343e-05,1.343e-05,1.343e-05,1.343e-05,1.343e-05,1.343e-05,1.343e-05,1.343e-05,1.343e-05,1.343e-05,1.343e-05,-0.0001002,-0.0001002,-0.0001002,-0.0001002,-0.0001002,-0.0001002,-0.0001002,-0.0001002,-0.0001002,-0.0001002,-0.0001002,-0.0001002,-0.0001002,-0.0001002,-0.0001002,-0.0001002,-0.0001002,-0.0001002,-0.0001002,-0.0001002,-0.0001002,-0.0001002,-0.0001002,-0.0001002,-0.0001002,-0.0001002,-0.0001002,-0.0001002,-0.0001002,-0.0001002,-0.0001002,-0.0001002,-0.0001002,-0.0001002,-0.00010020
KAVAUSDT,-2.6e-05,-2.6e-05,0.0001,0.0001,0.0001,0.0001,0.0001,0.0001,0.0001,0.0001,0.0001,0.0001,0.0001,0.0001,0.0001,0.0001,0.0001,0.0001,0.0001,0.0001,0.0001,0.0001,0.0001,0.0001,0.0001,0.0001,0.0001,0.0001,0.0001,0.0001,0.0001,0.0001,0.0001,0.0001,0.0001,0.0001,0.0001,0.0001,-0.00043448,-0.00043448,-0.00043448,-0.00043448,-0.00043448,-0.00043448,-0.00043448,-0.00043448,-0.00043448,-0.00043448,-0.00043448,-0.00043448,-0.00043448,-0.00043448,-0.00043448,-0.00043448,-0.00043448,-0.00043448,-0.00043448,-0.00043448,-0.00043448,-0.00043448,-0.00043448,-0.00043448,-0.00043448,-0.00043448,-0.00043448,-0.00043448,-0.00043448,-0.00043448,-0.00043448,-0.00043448,-0.00043448,-0.00043448,-0.00043448
KEEPUSDT,0.0001,0.0001,0.0001,0.0001,0.0001,0.0001,0.0001,0.0001,0.0001,0.0001,0.0001,0.0001,0.0001,0.0001,0.0001,0.0001,0.0001,0.0001,0.0001,0.0001,0.0001,0.0001,0.0001,0.0001,0.0001,0.0001,0.0001,0.0001,0.0001,0.0001,0.0001,0.0001,0.0001,0.0001,0.0001,0.0001,0.0001,0.0001,0.0001,0.0001,0.0001,0.0001,0.0001,0.0001,0.0001,0.0001,0.0001,0.0001,0.0001,0.0001,0.0001,0.0001,0.0001,0.0001,0.0001,0.0001,0.0001,0.0001,0.0001,0.0001,0.0001,0.0001,0.0001,0.0001,0.0001,0.0001,0.0001,0.0001,0.0001,0.0001,0.0001,0.0001,0.00010000
KLAYUSDT,-0.00020338,-0.00020338,-0.00033035,-0.00033035,-0.00033035,-0.00033035,-0.00033035,-0.00033035,-0.00033035,-0.00033035,-0.00033035,-0.00033035,-0.00033035,-0.00033035,-0.00033035,-0.00033035,-0.00033035,-0.00033035,-0.00033035,-0.00033035,-0.00033035,-0.00033035,-0.00033035,-0.00033035,-0.00033035,-0.00033035,-0.00033035,-0.00033035,-0.00033035,-0.00033035,-0.00033035,-0.00033035,-0.00033035,-0.00033035,-0.00033035,-0.00033035,-0.00033035,-0.00033035,-9.781e-05,-9.781e-05,-9.781e-05,-9.781e-05,-9.781e-05,-9.781e-05,-9.781e-05,-9.781e-05,-9.781e-05,-9.781e-05,-9.781e-05,-9.781e-05,-9.781e-05,-9.781e-05,-9.781e-05,-9.781e-05,-9.781e-05,-9.781e-05,-9.781e-05,-9.781e-05,-9.781e-05,-9.781e-05,-9.781e-05,-9.781e-05,-9.781e-05,-9.781e-05,-9.781e-05,-9.781e-05,-9.781e-05,-9.781e-05,-9.781e-05,-9.781e-05,-9.781e-05,-9.781e-05,-0.00009781
KNCUSDT,1.26e-06,1.26e-06,-7.616e-05,-7.616e-05,-7.616e-05,-7.616e-05,-7.616e-05,-7.616e-05,-7.616e-05,-7.616e-05,-7.616e-05,-7.616e-05,-7.616e-05,-7.616e-05,-7.616e-05,-7.616e-05,-7.616e-05,-7.616e-05,-7.616e-05,-7.616e-05,-7.616e-05,-7.616e-05,-7.616e-05,-7.616e-05,-7.616e-05,-7.616e-05,-7.616e-05,-7.616e-05,-7.616e-05,-7.616e-05,-7.616e-05,-7.616e-05,-7.616e-05,-7.616e-05,-7.616e-05,-7.616e-05,-7.616e-05,-7.616e-05,-0.00056294,-0.00056294,-0.00056294,-0.00056294,-0.00056294,-0.00056294,-0.00056294,-0.00056294,-0.00056294,-0.00056294,-0.00056294,-0.00056294,-0.00056294,-0.00056294,-0.00056294,-0.00056294,-0.00056294,-0.00056294,-0.00056294,-0.00056294,-0.00056294,-0.00056294,-0.00056294,-0.00056294,-0.00056294,-0.00056294,-0.00056294,-0.00056294,-0.00056294,-0.00056294,-0.00056294,-0.00056294,-0.00056294,-0.00056294,-0.00056294
KSMUSDT,0.0001,0.0001,0.0001,0.0001,0.0001,0.0001,0.0001,0.0001,0.0001,0.0001,0.0001,0.0001,0.0001,0.0001,0.0001,0.0001,0.0001,0.0001,0.0001,0.0001,0.0001,0.0001,0.0001,0.0001,0.0001,0.0001,0.0001,0.0001,0.0001,0.0001,0.0001,0.0001,0.0001,0.0001,0.0001,0.0001,0.0001,0.0001,-0.00028679,-0.00028679,-0.00028679,-0.00028679,-0.00028679,-0.00028679,-0.00028679,-0.00028679,-0.00028679,-0.00028679,-0.00028679,-0.00028679,-0.00028679,-0.00028679,-0.00028679,-0.00028679,-0.00028679,-0.00028679,-0.00028679,-0.00028679,-0.00028679,-0.00028679,-0.00028679,-0.00028679,-0.00028679,-0.00028679,-0.00028679,-0.00028679,-0.00028679,-0.00028679,-0.00028679,-0.00028679,-0.00028679,-0.00028679,-0.00028679
LINAUSDT,0.0001,0.0001,0.0001,0.0001,0.0001,0.0001,0.0001,0.0001,0.0001,0.0001,0.0001,0.0001,0.0001,0.0001,0.0001,0.0001,0.0001,0.0001,0.0001,0.0001,0.0001,0.0001,0.0001,0.0001,0.0001,0.0001,0.0001,0.0001,0.0001,0.0001,0.0001,0.0001,0.0001,0.0001,0.0001,0.0001,0.0001,0.0001,-5.585e-05,-5.585e-05,-5.585e-05,-5.585e-05,-5.585e-05,-5.585e-05,-5.585e-05,-5.585e-05,-5.585e-05,-5.585e-05,-5.585e-05,-5.585e-05,-5.585e-05,-5.585e-05,-5.585e-05,-5.585e-05,-5.585e-05,-5.585e-05,-5.585e-05,-5.585e-05,-5.585e-05,-5.585e-05,-5.585e-05,-5.585e-05,-5.585e-05,-5.585e-05,-5.585e-05,-5.585e-05,-5.585e-05,-5.585e-05,-5.585e-05,-5.585e-05,-5.585e-05,-5.585e-05,-0.00005585
LINKUSDT,0.0001,0.0001,0.0001,0.0001,0.0001,0.0001,0.0001,0.0001,0.0001,0.0001,0.0001,0.0001,0.0001,0.0001,0.0001,0.0001,0.0001,0.0001,0.0001,0.0001,0.0001,0.0001,0.0001,0.0001,0.0001,0.0001,0.0001,0.0001,0.0001,0.0001,0.0001,0.0001,0.0001,0.0001,0.0001,0.0001,0.0001,0.0001,0.0001,0.0001,0.0001,0.0001,0.0001,0.0001,0.0001,0.0001,0.0001,0.0001,0.0001,0.0001,0.0001,0.0001,0.0001,0.0001,0.0001,0.0001,0.0001,0.0001,0.0001,0.0001,0.0001,0.0001,0.0001,0.0001,0.0001,0.0001,0.0001,0.0001,0.0001,0.0001,0.0001,0.0001,0.00010000
LITUSDT,0.0001,0.0001,0.0001,0.0001,0.0001,0.0001,0.0001,0.0001,0.0001,0.0001,0.0001,0.0001,0.0001,0.0001,0.0001,0.0001,0.0001,0.0001,0.0001,0.0001,0.0001,0.0001,0.0001,0.0001,0.0001,0.0001,0.0001,0.0001,0.0001,0.0001,0.0001,0.0001,0.0001,0.0001,0.0001,0.0001,0.0001,0.0001,0.0001,0.0001,0.0001,0.0001,0.0001,0.0001,0.0001,0.0001,0.0001,0.0001,0.0001,0.0001,0.0001,0.0001,0.0001,0.0001,0.0001,0.0001,0.0001,0.0001,0.0001,0.0001,0.0001,0.0001,0.0001,0.0001,0.0001,0.0001,0.0001,0.0001,0.0001,0.0001,0.0001,0.0001,0.00010000
LPTUSDT,9.221e-05,9.221e-05,0.0001,0.0001,0.0001,0.0001,0.0001,0.0001,0.0001,0.0001,0.0001,0.0001,0.0001,0.0001,0.0001,0.0001,0.0001,0.0001,0.0001,0.0001,0.0001,0.0001,0.0001,0.0001,0.0001,0.0001,0.0001,0.0001,0.0001,0.0001,0.0001,0.0001,0.0001,0.0001,0.0001,0.0001,0.0001,0.0001,0.0001,0.0001,0.0001,0.0001,0.0001,0.0001,0.0001,0.0001,0.0001,0.0001,0.0001,0.0001,0.0001,0.0001,0.0001,0.0001,0.0001,0.0001,0.0001,0.0001,0.0001,0.0001,0.0001,0.0001,0.0001,0.0001,0.0001,0.0001,0.0001,0.0001,0.0001,0.0001,0.0001,0.0001,0.00010000
LRCUSDT,0.0001,0.0001,0.0001,0.0001,0.0001,0.0001,0.0001,0.0001,0.0001,0.0001,0.0001,0.0001,0.0001,0.0001,0.0001,0.0001,0.0001,0.0001,0.0001,0.0001,0.0001,0.0001,0.0001,0.0001,0.0001,0.0001,0.0001,0.0001,0.0001,0.0001,0.0001,0.0001,0.0001,0.0001,0.0001,0.0001,0.0001,0.0001,0.0001,0.0001,0.0001,0.0001,0.0001,0.0001,0.0001,0.0001,0.0001,0.0001,0.0001,0.0001,0.0001,0.0001,0.0001,0.0001,0.0001,0.0001,0.0001,0.0001,0.0001,0.0001,0.0001,0.0001,0.0001,0.0001,0.0001,0.0001,0.0001,0.0001,0.0001,0.0001,0.0001,0.0001,0.00010000
LTCUSDT,0.0001,0.0001,0.0001,0.0001,0.0001,0.0001,0.0001,0.0001,0.0001,0.0001,0.0001,0.0001,0.0001,0.0001,0.0001,0.0001,0.0001,0.0001,0.0001,0.0001,0.0001,0.0001,0.0001,0.0001,0.0001,0.0001,0.0001,0.0001,0.0001,0.0001,0.0001,0.0001,0.0001,0.0001,0.0001,0.0001,0.0001,0.0001,-9.905e-05,-9.905e-05,-9.905e-05,-9.905e-05,-9.905e-05,-9.905e-05,-9.905e-05,-9.905e-05,-9.905e-05,-9.905e-05,-9.905e-05,-9.905e-05,-9.905e-05,-9.905e-05,-9.905e-05,-9.905e-05,-9.905e-05,-9.905e-05,-9.905e-05,-9.905e-05,-9.905e-05,-9.905e-05,-9.905e-05,-9.905e-05,-9.905e-05,-9.905e-05,-9.905e-05,-9.905e-05,-9.905e-05,-9.905e-05,-9.905e-05,-9.905e-05,-9.905e-05,-9.905e-05,-0.00009905
LUNAUSDT,0.0001,0.0001,7.33e-05,7.33e-05,7.33e-05,7.33e-05,7.33e-05,7.33e-05,7.33e-05,7.33e-05,7.33e-05,7.33e-05,7.33e-05,7.33e-05,7.33e-05,7.33e-05,7.33e-05,7.33e-05,7.33e-05,7.33e-05,7.33e-05,7.33e-05,7.33e-05,7.33e-05,7.33e-05,7.33e-05,7.33e-05,7.33e-05,7.33e-05,7.33e-05,7.33e-05,7.33e-05,7.33e-05,7.33e-05,7.33e-05,7.33e-05,7.33e-05,7.33e-05,0.0001,0.0001,0.0001,0.0001,0.0001,0.0001,0.0001,0.0001,0.0001,0.0001,0.0001,0.0001,0.0001,0.0001,0.0001,0.0001,0.0001,0.0001,0.0001,0.0001,0.0001,0.0001,0.0001,0.0001,0.0001,0.0001,0.0001,0.0001,0.0001,0.0001,0.0001,0.0001,0.0001,0.0001,0.00010000
MANAUSDT,-0.00017915,-0.00017915,-0.00019158,-0.00019158,-0.00019158,-0.00019158,-0.00019158,-0.00019158,-0.00019158,-0.00019158,-0.00019158,-0.00019158,-0.00019158,-0.00019158,-0.00019158,-0.00019158,-0.00019158,-0.00019158,-0.00019158,-0.00019158,-0.00019158,-0.00019158,-0.00019158,-0.00019158,-0.00019158,-0.00019158,-0.00019158,-0.00019158,-0.00019158,-0.00019158,-0.00019158,-0.00019158,-0.00019158,-0.00019158,-0.00019158,-0.00019158,-0.00019158,-0.00019158,-0.00021407,-0.00021407,-0.00021407,-0.00021407,-0.00021407,-0.00021407,-0.00021407,-0.00021407,-0.00021407,-0.00021407,-0.00021407,-0.00021407,-0.00021407,-0.00021407,-0.00021407,-0.00021407,-0.00021407,-0.00021407,-0.00021407,-0.00021407,-0.00021407,-0.00021407,-0.00021407,-0.00021407,-0.00021407,-0.00021407,-0.00021407,-0.00021407,-0.00021407,-0.00021407,-0.00021407,-0.00021407,-0.00021407,-0.00021407,-0.00021407
MASKUSDT,0.0001,0.0001,0.0001,0.0001,0.0001,0.0001,0.0001,0.0001,0.0001,0.0001,0.0001,0.0001,0.0001,0.0001,0.0001,0.0001,0.0001,0.0001,0.0001,0.0001,0.0001,0.0001,0.0001,0.0001,0.0001,0.0001,0.0001,0.0001,0.0001,0.0001,0.0001,0.0001,0.0001,0.0001,0.0001,0.0001,0.0001,0.0001,0.0001,0.0001,0.0001,0.0001,0.0001,0.0001,0.0001,0.0001,0.0001,0.0001,0.0001,0.0001,0.0001,0.0001,0.0001,0.0001,0.0001,0.0001,0.0001,0.0001,0.0001,0.0001,0.0001,0.0001,0.0001,0.0001,0.0001,0.0001,0.0001,0.0001,0.0001,0.0001,0.0001,0.0001,0.00010000
MATICUSDT,0.0001,0.0001,-2.047e-05,-2.047e-05,-2.047e-05,-2.047e-05,-2.047e-05,-2.047e-05,-2.047e-05,-2.047e-05,-2.047e-05,-2.047e-05,-2.047e-05,-2.047e-05,-2.047e-05,-2.047e-05,-2.047e-05,-2.047e-05,-2.047e-05,-2.047e-05,-2.047e-05,-2.047e-05,-2.047e-05,-2.047e-05,-2.047e-05,-2.047e-05,-2.047e-05,-2.047e-05,-2.047e-05,-2.047e-05,-2.047e-05,-2.047e-05,-2.047e-05,-2.047e-05,-2.047e-05,-2.047e-05,-2.047e-05,-2.047e-05,0.0001,0.0001,0.0001,0.0001,0.0001,0.0001,0.0001,0.0001,0.0001,0.0001,0.0001,0.0001,0.0001,0.0001,0.0001,0.0001,0.0001,0.0001,0.0001,0.0001,0.0001,0.0001,0.0001,0.0001,0.0001,0.0001,0.0001,0.0001,0.0001,0.0001,0.0001,0.0001,0.0001,0.0001,0.00010000
MKRUSDT,0.0001,0.0001,0.0001,0.0001,0.0001,0.0001,0.0001,0.0001,0.0001,0.0001,0.0001,0.0001,0.0001,0.0001,0.0001,0.0001,0.0001,0.0001,0.0001,0.0001,0.0001,0.0001,0.0001,0.0001,0.0001,0.0001,0.0001,0.0001,0.0001,0.0001,0.0001,0.0001,0.0001,0.0001,0.0001,0.0001,0.0001,0.0001,0.0001,0.0001,0.0001,0.0001,0.0001,0.0001,0.0001,0.0001,0.0001,0.0001,0.0001,0.0001,0.0001,0.0001,0.0001,0.0001,0.0001,0.0001,0.0001,0.0001,0.0001,0.0001,0.0001,0.0001,0.0001,0.0001,0.0001,0.0001,0.0001,0.0001,0.0001,0.0001,0.0001,0.0001,0.00010000
MTLUSDT,-0.00027741,-0.00027741,-0.00018525,-0.00018525,-0.00018525,-0.00018525,-0.00018525,-0.00018525,-0.00018525,-0.00018525,-0.00018525,-0.00018525,-0.00018525,-0.00018525,-0.00018525,-0.00018525,-0.00018525,-0.00018525,-0.00018525,-0.00018525,-0.00018525,-0.00018525,-0.00018525,-0.00018525,-0.00018525,-0.00018525,-0.00018525,-0.00018525,-0.00018525,-0.00018525,-0.00018525,-0.00018525,-0.00018525,-0.00018525,-0.00018525,-0.00018525,-0.00018525,-0.00018525,-0.00060433,-0.00060433,-0.00060433,-0.00060433,-0.00060433,-0.00060433,-0.00060433,-0.00060433,-0.00060433,-0.00060433,-0.00060433,-0.00060433,-0.00060433,-0.00060433,-0.00060433,-0.00060433,-0.00060433,-0.00060433,-0.00060433,-0.00060433,-0.00060433,-0.00060433,-0.00060433,-0.00060433,-0.00060433,-0.00060433,-0.00060433,-0.00060433,-0.00060433,-0.00060433,-0.00060433,-0.00060433,-0.00060433,-0.00060433,-0.00060433
NEARUSDT,0.0001,0.0001,0.0001,0.0001,0.0001,0.0001,0.0001,0.0001,0.0001,0.0001,0.0001,0.0001,0.0001,0.0001,0.0001,0.0001,0.0001,0.0001,0.0001,0.0001,0.0001,0.0001,0.0001,0.0001,0.0001,0.0001,0.0001,0.0001,0.0001,0.0001,0.0001,0.0001,0.0001,0.0001,0.0001,0.0001,0.0001,0.0001,0.0001,0.0001,0.0001,0.0001,0.0001,0.0001,0.0001,0.0001,0.0001,0.0001,0.0001,0.0001,0.0001,0.0001,0.0001,0.0001,0.0001,0.0001,0.0001,0.0001,0.0001,0.0001,0.0001,0.0001,0.0001,0.0001,0.0001,0.0001,0.0001,0.0001,0.0001,0.0001,0.0001,0.0001,0.00010000
NEOUSDT,-4.777e-05,-4.777e-05,-0.00017644,-0.00017644,-0.00017644,-0.00017644,-0.00017644,-0.00017644,-0.00017644,-0.00017644,-0.00017644,-0.00017644,-0.00017644,-0.00017644,-0.00017644,-0.00017644,-0.00017644,-0.00017644,-0.00017644,-0.00017644,-0.00017644,-0.00017644,-0.00017644,-0.00017644,-0.00017644,-0.00017644,-0.00017644,-0.00017644,-0.00017644,-0.00017644,-0.00017644,-0.00017644,-0.00017644,-0.00017644,-0.00017644,-0.00017644,-0.00017644,-0.00017644,-0.00034009,-0.00034009,-0.00034009,-0.00034009,-0.00034009,-0.00034009,-0.00034009,-0.00034009,-0.00034009,-0.00034009,-0.00034009,-0.00034009,-0.00034009,-0.00034009,-0.00034009,-0.00034009,-0.00034009,-0.00034009,-0.00034009,-0.00034009,-0.00034009,-0.00034009,-0.00034009,-0.00034009,-0.00034009,-0.00034009,-0.00034009,-0.00034009,-0.00034009,-0.00034009,-0.00034009,-0.00034009,-0.00034009,-0.00034009,-0.00034009
NKNUSDT,0.0001,0.0001,0.0001,0.0001,0.0001,0.0001,0.0001,0.0001,0.0001,0.0001,0.0001,0.0001,0.0001,0.0001,0.0001,0.0001,0.0001,0.0001,0.0001,0.0001,0.0001,0.0001,0.0001,0.0001,0.0001,0.0001,0.0001,0.0001,0.0001,0.0001,0.0001,0.0001,0.0001,0.0001,0.0001,0.0001,0.0001,0.0001,0.0001,0.0001,0.0001,0.0001,0.0001,0.0001,0.0001,0.0001,0.0001,0.0001,0.0001,0.0001,0.0001,0.0001,0.0001,0.0001,0.0001,0.0001,0.0001,0.0001,0.0001,0.0001,0.0001,0.0001,0.0001,0.0001,0.0001,0.0001,0.0001,0.0001,0.0001,0.0001,0.0001,0.0001,0.00010000
NUUSDT,-0.00188594,-0.00188594,-0.00124217,-0.00124217,-0.00124217,-0.00124217,-0.00124217,-0.00124217,-0.00124217,-0.00124217,-0.00124217,-0.00124217,-0.00124217,-0.00124217,-0.00124217,-0.00124217,-0.00124217,-0.00124217,-0.00124217,-0.00124217,-0.00124217,-0.00124217,-0.00124217,-0.00124217,-0.00124217,-0.00124217,-0.00124217,-0.00124217,-0.00124217,-0.00124217,-0.00124217,-0.00124217,-0.00124217,-0.00124217,-0.00124217,-0.00124217,-0.00124217,-0.00124217,-0.00164867,-0.00164867,-0.00164867,-0.00164867,-0.00164867,-0.00164867,-0.00164867,-0.00164867,-0.00164867,-0.00164867,-0.00164867,-0.00164867,-0.00164867,-0.00164867,-0.00164867,-0.00164867,-0.00164867,-0.00164867,-0.00164867,-0.00164867,-0.00164867,-0.00164867,-0.00164867,-0.00164867,-0.00164867,-0.00164867,-0.00164867,-0.00164867,-0.00164867,-0.00164867,-0.00164867,-0.00164867,-0.00164867,-0.00164867,-0.00164867
OCEANUSDT,0.0001,0.0001,0.0001,0.0001,0.0001,0.0001,0.0001,0.0001,0.0001,0.0001,0.0001,0.0001,0.0001,0.0001,0.0001,0.0001,0.0001,0.0001,0.0001,0.0001,0.0001,0.0001,0.0001,0.0001,0.0001,0.0001,0.0001,0.0001,0.0001,0.0001,0.0001,0.0001,0.0001,0.0001,0.0001,0.0001,0.0001,0.0001,7.75e-06,7.75e-06,7.75e-06,7.75e-06,7.75e-06,7.75e-06,7.75e-06,7.75e-06,7.75e-06,7.75e-06,7.75e-06,7.75e-06,7.75e-06,7.75e-06,7.75e-06,7.75e-06,7.75e-06,7.75e-06,7.75e-06,7.75e-06,7.75e-06,7.75e-06,7.75e-06,7.75e-06,7.75e-06,7.75e-06,7.75e-06,7.75e-06,7.75e-06,7.75e-06,7.75e-06,7.75e-06,7.75e-06,7.75e-06,0.00000775
OGNUSDT,0.0001,0.0001,0.0001,0.0001,0.0001,0.0001,0.0001,0.0001,0.0001,0.0001,0.0001,0.0001,0.0001,0.0001,0.0001,0.0001,0.0001,0.0001,0.0001,0.0001,0.0001,0.0001,0.0001,0.0001,0.0001,0.0001,0.0001,0.0001,0.0001,0.0001,0.0001,0.0001,0.0001,0.0001,0.0001,0.0001,0.0001,0.0001,0.0001,0.0001,0.0001,0.0001,0.0001,0.0001,0.0001,0.0001,0.0001,0.0001,0.0001,0.0001,0.0001,0.0001,0.0001,0.0001,0.0001,0.0001,0.0001,0.0001,0.0001,0.0001,0.0001,0.0001,0.0001,0.0001,0.0001,0.0001,0.0001,0.0001,0.0001,0.0001,0.0001,0.0001,0.00010000
OMGUSDT,0.0001,0.0001,0.0001,0.0001,0.0001,0.0001,0.0001,0.0001,0.0001,0.0001,0.0001,0.0001,0.0001,0.0001,0.0001,0.0001,0.0001,0.0001,0.0001,0.0001,0.0001,0.0001,0.0001,0.0001,0.0001,0.0001,0.0001,0.0001,0.0001,0.0001,0.0001,0.0001,0.0001,0.0001,0.0001,0.0001,0.0001,0.0001,2.582e-05,2.582e-05,2.582e-05,2.582e-05,2.582e-05,2.582e-05,2.582e-05,2.582e-05,2.582e-05,2.582e-05,2.582e-05,2.582e-05,2.582e-05,2.582e-05,2.582e-05,2.582e-05,2.582e-05,2.582e-05,2.582e-05,2.582e-05,2.582e-05,2.582e-05,2.582e-05,2.582e-05,2.582e-05,2.582e-05,2.582e-05,2.582e-05,2.582e-05,2.582e-05,2.582e-05,2.582e-05,2.582e-05,2.582e-05,0.00002582
ONEUSDT,0.0001,0.0001,8.022e-05,8.022e-05,8.022e-05,8.022e-05,8.022e-05,8.022e-05,8.022e-05,8.022e-05,8.022e-05,8.022e-05,8.022e-05,8.022e-05,8.022e-05,8.022e-05,8.022e-05,8.022e-05,8.022e-05,8.022e-05,8.022e-05,8.022e-05,8.022e-05,8.022e-05,8.022e-05,8.022e-05,8.022e-05,8.022e-05,8.022e-05,8.022e-05,8.022e-05,8.022e-05,8.022e-05,8.022e-05,8.022e-05,8.022e-05,8.022e-05,8.022e-05,-0.00072393,-0.00072393,-0.00072393,-0.00072393,-0.00072393,-0.00072393,-0.00072393,-0.00072393,-0.00072393,-0.00072393,-0.00072393,-0.00072393,-0.00072393,-0.00072393,-0.00072393,-0.00072393,-0.00072393,-0.00072393,-0.00072393,-0.00072393,-0.00072393,-0.00072393,-0.00072393,-0.00072393,-0.00072393,-0.00072393,-0.00072393,-0.00072393,-0.00072393,-0.00072393,-0.00072393,-0.00072393,-0.00072393,-0.00072393,-0.00072393
ONTUSDT,0.0001,0.0001,0.0001,0.0001,0.0001,0.0001,0.0001,0.0001,0.0001,0.0001,0.0001,0.0001,0.0001,0.0001,0.0001,0.0001,0.0001,0.0001,0.0001,0.0001,0.0001,0.0001,0.0001,0.0001,0.0001,0.0001,0.0001,0.0001,0.0001,0.0001,0.0001,0.0001,0.0001,0.0001,0.0001,0.0001,0.0001,0.0001,0.0001,0.0001,0.0001,0.0001,0.0001,0.0001,0.0001,0.0001,0.0001,0.0001,0.0001,0.0001,0.0001,0.0001,0.0001,0.0001,0.0001,0.0001,0.0001,0.0001,0.0001,0.0001,0.0001,0.0001,0.0001,0.0001,0.0001,0.0001,0.0001,0.0001,0.0001,0.0001,0.0001,0.0001,0.00010000
QTUMUSDT,0.0001,0.0001,0.0001,0.0001,0.0001,0.0001,0.0001,0.0001,0.0001,0.0001,0.0001,0.0001,0.0001,0.0001,0.0001,0.0001,0.0001,0.0001,0.0001,0.0001,0.0001,0.0001,0.0001,0.0001,0.0001,0.0001,0.0001,0.0001,0.0001,0.0001,0.0001,0.0001,0.0001,0.0001,0.0001,0.0001,0.0001,0.0001,-0.00016138,-0.00016138,-0.00016138,-0.00016138,-0.00016138,-0.00016138,-0.00016138,-0.00016138,-0.00016138,-0.00016138,-0.00016138,-0.00016138,-0.00016138,-0.00016138,-0.00016138,-0.00016138,-0.00016138,-0.00016138,-0.00016138,-0.00016138,-0.00016138,-0.00016138,-0.00016138,-0.00016138,-0.00016138,-0.00016138,-0.00016138,-0.00016138,-0.00016138,-0.00016138,-0.00016138,-0.00016138,-0.00016138,-0.00016138,-0.00016138
RAYUSDT,-0.00074038,-0.00074038,-0.00138023,-0.00138023,-0.00138023,-0.00138023,-0.00138023,-0.00138023,-0.00138023,-0.00138023,-0.00138023,-0.00138023,-0.00138023,-0.00138023,-0.00138023,-0.00138023,-0.00138023,-0.00138023,-0.00138023,-0.00138023,-0.00138023,-0.00138023,-0.00138023,-0.00138023,-0.00138023,-0.00138023,-0.00138023,-0.00138023,-0.00138023,-0.00138023,-0.00138023,-0.00138023,-0.00138023,-0.00138023,-0.00138023,-0.00138023,-0.00138023,-0.00138023,-0.00115807,-0.00115807,-0.00115807,-0.00115807,-0.00115807,-0.00115807,-0.00115807,-0.00115807,-0.00115807,-0.00115807,-0.00115807,-0.00115807,-0.00115807,-0.00115807,-0.00115807,-0.00115807,-0.00115807,-0.00115807,-0.00115807,-0.00115807,-0.00115807,-0.00115807,-0.00115807,-0.00115807,-0.00115807,-0.00115807,-0.00115807,-0.00115807,-0.00115807,-0.00115807,-0.00115807,-0.00115807,-0.00115807,-0.00115807,-0.00115807
REEFUSDT,-0.00067192,-0.00067192,-0.00026958,-0.00026958,-0.00026958,-0.00026958,-0.00026958,-0.00026958,-0.00026958,-0.00026958,-0.00026958,-0.00026958,-0.00026958,-0.00026958,-0.00026958,-0.00026958,-0.00026958,-0.00026958,-0.00026958,-0.00026958,-0.00026958,-0.00026958,-0.00026958,-0.00026958,-0.00026958,-0.00026958,-0.00026958,-0.00026958,-0.00026958,-0.00026958,-0.00026958,-0.00026958,-0.00026958,-0.00026958,-0.00026958,-0.00026958,-0.00026958,-0.00026958,-0.00074105,-0.00074105,-0.00074105,-0.00074105,-0.00074105,-0.00074105,-0.00074105,-0.00074105,-0.00074105,-0.00074105,-0.00074105,-0.00074105,-0.00074105,-0.00074105,-0.00074105,-0.00074105,-0.00074105,-0.00074105,-0.00074105,-0.00074105,-0.00074105,-0.00074105,-0.00074105,-0.00074105,-0.00074105,-0.00074105,-0.00074105,-0.00074105,-0.00074105,-0.00074105,-0.00074105,-0.00074105,-0.00074105,-0.00074105,-0.00074105
RENUSDT,0.0001,0.0001,0.0001,0.0001,0.0001,0.0001,0.0001,0.0001,0.0001,0.0001,0.0001,0.0001,0.0001,0.0001,0.0001,0.0001,0.0001,0.0001,0.0001,0.0001,0.0001,0.0001,0.0001,0.0001,0.0001,0.0001,0.0001,0.0001,0.0001,0.0001,0.0001,0.0001,0.0001,0.0001,0.0001,0.0001,0.0001,0.0001,-0.00013629,-0.00013629,-0.00013629,-0.00013629,-0.00013629,-0.00013629,-0.00013629,-0.00013629,-0.00013629,-0.00013629,-0.00013629,-0.00013629,-0.00013629,-0.00013629,-0.00013629,-0.00013629,-0.00013629,-0.00013629,-0.00013629,-0.00013629,-0.00013629,-0.00013629,-0.00013629,-0.00013629,-0.00013629,-0.00013629,-0.00013629,-0.00013629,-0.00013629,-0.00013629,-0.00013629,-0.00013629,-0.00013629,-0.00013629,-0.00013629
RLCUSDT,0.0001,0.0001,0.0001,0.0001,0.0001,0.0001,0.0001,0.0001,0.0001,0.0001,0.0001,0.0001,0.0001,0.0001,0.0001,0.0001,0.0001,0.0001,0.0001,0.0001,0.0001,0.0001,0.0001,0.0001,0.0001,0.0001,0.0001,0.0001,0.0001,0.0001,0.0001,0.0001,0.0001,0.0001,0.0001,0.0001,0.0001,0.0001,-2.06e-05,-2.06e-05,-2.06e-05,-2.06e-05,-2.06e-05,-2.06e-05,-2.06e-05,-2.06e-05,-2.06e-05,-2.06e-05,-2.06e-05,-2.06e-05,-2.06e-05,-2.06e-05,-2.06e-05,-2.06e-05,-2.06e-05,-2.06e-05,-2.06e-05,-2.06e-05,-2.06e-05,-2.06e-05,-2.06e-05,-2.06e-05,-2.06e-05,-2.06e-05,-2.06e-05,-2.06e-05,-2.06e-05,-2.06e-05,-2.06e-05,-2.06e-05,-2.06e-05,-2.06e-05,-0.00002060
RSRUSDT,0.0001,0.0001,0.0001,0.0001,0.0001,0.0001,0.0001,0.0001,0.0001,0.0001,0.0001,0.0001,0.0001,0.0001,0.0001,0.0001,0.0001,0.0001,0.0001,0.0001,0.0001,0.0001,0.0001,0.0001,0.0001,0.0001,0.0001,0.0001,0.0001,0.0001,0.0001,0.0001,0.0001,0.0001,0.0001,0.0001,0.0001,0.0001,6.05e-06,6.05e-06,6.05e-06,6.05e-06,6.05e-06,6.05e-06,6.05e-06,6.05e-06,6.05e-06,6.05e-06,6.05e-06,6.05e-06,6.05e-06,6.05e-06,6.05e-06,6.05e-06,6.05e-06,6.05e-06,6.05e-06,6.05e-06,6.05e-06,6.05e-06,6.05e-06,6.05e-06,6.05e-06,6.05e-06,6.05e-06,6.05e-06,6.05e-06,6.05e-06,6.05e-06,6.05e-06,6.05e-06,6.05e-06,0.00000605
RUNEUSDT,3.933e-05,3.933e-05,-6.46e-06,-6.46e-06,-6.46e-06,-6.46e-06,-6.46e-06,-6.46e-06,-6.46e-06,-6.46e-06,-6.46e-06,-6.46e-06,-6.46e-06,-6.46e-06,-6.46e-06,-6.46e-06,-6.46e-06,-6.46e-06,-6.46e-06,-6.46e-06,-6.46e-06,-6.46e-06,-6.46e-06,-6.46e-06,-6.46e-06,-6.46e-06,-6.46e-06,-6.46e-06,-6.46e-06,-6.46e-06,-6.46e-06,-6.46e-06,-6.46e-06,-6.46e-06,-6.46e-06,-6.46e-06,-6.46e-06,-6.46e-06,-0.00033566,-0.00033566,-0.00033566,-0.00033566,-0.00033566,-0.00033566,-0.00033566,-0.00033566,-0.00033566,-0.00033566,-0.00033566,-0.00033566,-0.00033566,-0.00033566,-0.00033566,-0.00033566,-0.00033566,-0.00033566,-0.00033566,-0.00033566,-0.00033566,-0.00033566,-0.00033566,-0.00033566,-0.00033566,-0.00033566,-0.00033566,-0.00033566,-0.00033566,-0.00033566,-0.00033566,-0.00033566,-0.00033566,-0.00033566,-0.00033566
RVNUSDT,0.0001,0.0001,0.0001,0.0001,0.0001,0.0001,0.0001,0.0001,0.0001,0.0001,0.0001,0.0001,0.0001,0.0001,0.0001,0.0001,0.0001,0.0001,0.0001,0.0001,0.0001,0.0001,0.0001,0.0001,0.0001,0.0001,0.0001,0.0001,0.0001,0.0001,0.0001,0.0001,0.0001,0.0001,0.0001,0.0001,0.0001,0.0001,0.0001,0.0001,0.0001,0.0001,0.0001,0.0001,0.0001,0.0001,0.0001,0.0001,0.0001,0.0001,0.0001,0.0001,0.0001,0.0001,0.0001,0.0001,0.0001,0.0001,0.0001,0.0001,0.0001,0.0001,0.0001,0.0001,0.0001,0.0001,0.0001,0.0001,0.0001,0.0001,0.0001,0.0001,0.00010000
SANDUSDT,5.905e-05,5.905e-05,4.17e-05,4.17e-05,4.17e-05,4.17e-05,4.17e-05,4.17e-05,4.17e-05,4.17e-05,4.17e-05,4.17e-05,4.17e-05,4.17e-05,4.17e-05,4.17e-05,4.17e-05,4.17e-05,4.17e-05,4.17e-05,4.17e-05,4.17e-05,4.17e-05,4.17e-05,4.17e-05,4.17e-05,4.17e-05,4.17e-05,4.17e-05,4.17e-05,4.17e-05,4.17e-05,4.17e-05,4.17e-05,4.17e-05,4.17e-05,4.17e-05,4.17e-05,-1.068e-05,-1.068e-05,-1.068e-05,-1.068e-05,-1.068e-05,-1.068e-05,-1.068e-05,-1.068e-05,-1.068e-05,-1.068e-05,-1.068e-05,-1.068e-05,-1.068e-05,-1.068e-05,-1.068e-05,-1.068e-05,-1.068e-05,-1.068e-05,-1.068e-05,-1.068e-05,-1.068e-05,-1.068e-05,-1.068e-05,-1.068e-05,-1.068e-05,-1.068e-05,-1.068e-05,-1.068e-05,-1.068e-05,-1.068e-05,-1.068e-05,-1.068e-05,-1.068e-05,-1.068e-05,-0.00001068
SCUSDT,0.0001,0.0001,-8.059e-05,-8.059e-05,-8.059e-05,-8.059e-05,-8.059e-05,-8.059e-05,-8.059e-05,-8.059e-05,-8.059e-05,-8.059e-05,-8.059e-05,-8.059e-05,-8.059e-05,-8.059e-05,-8.059e-05,-8.059e-05,-8.059e-05,-8.059e-05,-8.059e-05,-8.059e-05,-8.059e-05,-8.059e-05,-8.059e-05,-8.059e-05,-8.059e-05,-8.059e-05,-8.059e-05,-8.059e-05,-8.059e-05,-8.059e-05,-8.059e-05,-8.059e-05,-8.059e-05,-8.059e-05,-8.059e-05,-8.059e-05,-1.3e-05,-1.3e-05,-1.3e-05,-1.3e-05,-1.3e-05,-1.3e-05,-1.3e-05,-1.3e-05,-1.3e-05,-1.3e-05,-1.3e-05,-1.3e-05,-1.3e-05,-1.3e-05,-1.3e-05,-1.3e-05,-1.3e-05,-1.3e-05,-1.3e-05,-1.3e-05,-1.3e-05,-1.3e-05,-1.3e-05,-1.3e-05,-1.3e-05,-1.3e-05,-1.3e-05,-1.3e-05,-1.3e-05,-1.3e-05,-1.3e-05,-1.3e-05,-1.3e-05,-1.3e-05,-0.00001300
SFPUSDT,0.0001,0.0001,0.0001,0.0001,0.0001,0.0001,0.0001,0.0001,0.0001,0.0001,0.0001,0.0001,0.0001,0.0001,0.0001,0.0001,0.0001,0.0001,0.0001,0.0001,0.0001,0.0001,0.0001,0.0001,0.0001,0.0001,0.0001,0.0001,0.0001,0.0001,0.0001,0.0001,0.0001,0.0001,0.0001,0.0001,0.0001,0.0001,0.0001,0.0001,0.0001,0.0001,0.0001,0.0001,0.0001,0.0001,0.0001,0.0001,0.0001,0.0001,0.0001,0.0001,0.0001,0.0001,0.0001,0.0001,0.0001,0.0001,0.0001,0.0001,0.0001,0.0001,0.0001,0.0001,0.0001,0.0001,0.0001,0.0001,0.0001,0.0001,0.0001,0.0001,0.00010000
SKLUSDT,0.0001,0.0001,0.0001,0.0001,0.0001,0.0001,0.0001,0.0001,0.0001,0.0001,0.0001,0.0001,0.0001,0.0001,0.0001,0.0001,0.0001,0.0001,0.0001,0.0001,0.0001,0.0001,0.0001,0.0001,0.0001,0.0001,0.0001,0.0001,0.0001,0.0001,0.0001,0.0001,0.0001,0.0001,0.0001,0.0001,0.0001,0.0001,0.0001,0.0001,0.0001,0.0001,0.0001,0.0001,0.0001,0.0001,0.0001,0.0001,0.0001,0.0001,0.0001,0.0001,0.0001,0.0001,0.0001,0.0001,0.0001,0.0001,0.0001,0.0001,0.0001,0.0001,0.0001,0.0001,0.0001,0.0001,0.0001,0.0001,0.0001,0.0001,0.0001,0.0001,0.00010000
SNXUSDT,8.795e-05,8.795e-05,0.0001,0.0001,0.0001,0.0001,0.0001,0.0001,0.0001,0.0001,0.0001,0.0001,0.0001,0.0001,0.0001,0.0001,0.0001,0.0001,0.0001,0.0001,0.0001,0.0001,0.0001,0.0001,0.0001,0.0001,0.0001,0.0001,0.0001,0.0001,0.0001,0.0001,0.0001,0.0001,0.0001,0.0001,0.0001,0.0001,7.631e-05,7.631e-05,7.631e-05,7.631e-05,7.631e-05,7.631e-05,7.631e-05,7.631e-05,7.631e-05,7.631e-05,7.631e-05,7.631e-05,7.631e-05,7.631e-05,7.631e-05,7.631e-05,7.631e-05,7.631e-05,7.631e-05,7.631e-05,7.631e-05,7.631e-05,7.631e-05,7.631e-05,7.631e-05,7.631e-05,7.631e-05,7.631e-05,7.631e-05,7.631e-05,7.631e-05,7.631e-05,7.631e-05,7.631e-05,0.00007631
SOLBUSD,0.0001,0.0001,0.0001,0.0001,0.0001,0.0001,0.0001,0.0001,0.0001,0.0001,0.0001,0.0001,0.0001,0.0001,0.0001,0.0001,0.0001,0.0001,0.0001,0.0001,0.0001,0.0001,0.0001,0.0001,0.0001,0.0001,0.0001,0.0001,0.0001,0.0001,0.0001,0.0001,0.0001,0.0001,0.0001,0.0001,0.0001,0.0001,0.0001,0.0001,0.0001,0.0001,0.0001,0.0001,0.0001,0.0001,0.0001,0.0001,0.0001,0.0001,0.0001,0.0001,0.0001,0.0001,0.0001,0.0001,0.0001,0.0001,0.0001,0.0001,0.0001,0.0001,0.0001,0.0001,0.0001,0.0001,0.0001,0.0001,0.0001,0.0001,0.0001,0.0001,0.00010000
SOLUSDT,0.0001,0.0001,0.0001,0.0001,0.0001,0.0001,0.0001,0.0001,0.0001,0.0001,0.0001,0.0001,0.0001,0.0001,0.0001,0.0001,0.0001,0.0001,0.0001,0.0001,0.0001,0.0001,0.0001,0.0001,0.0001,0.0001,0.0001,0.0001,0.0001,0.0001,0.0001,0.0001,0.0001,0.0001,0.0001,0.0001,0.0001,0.0001,0.0001,0.0001,0.0001,0.0001,0.0001,0.0001,0.0001,0.0001,0.0001,0.0001,0.0001,0.0001,0.0001,0.0001,0.0001,0.0001,0.0001,0.0001,0.0001,0.0001,0.0001,0.0001,0.0001,0.0001,0.0001,0.0001,0.0001,0.0001,0.0001,0.0001,0.0001,0.0001,0.0001,0.0001,0.00010000
SRMUSDT,0.0001,0.0001,0.0001,0.0001,0.0001,0.0001,0.0001,0.0001,0.0001,0.0001,0.0001,0.0001,0.0001,0.0001,0.0001,0.0001,0.0001,0.0001,0.0001,0.0001,0.0001,0.0001,0.0001,0.0001,0.0001,0.0001,0.0001,0.0001,0.0001,0.0001,0.0001,0.0001,0.0001,0.0001,0.0001,0.0001,0.0001,0.0001,0.0001,0.0001,0.0001,0.0001,0.0001,0.0001,0.0001,0.0001,0.0001,0.0001,0.0001,0.0001,0.0001,0.0001,0.0001,0.0001,0.0001,0.0001,0.0001,0.0001,0.0001,0.0001,0.0001,0.0001,0.0001,0.0001,0.0001,0.0001,0.0001,0.0001,0.0001,0.0001,0.0001,0.0001,0.00010000
STMXUSDT,0.0001,0.0001,0.0001,0.0001,0.0001,0.0001,0.0001,0.0001,0.0001,0.0001,0.0001,0.0001,0.0001,0.0001,0.0001,0.0001,0.0001,0.0001,0.0001,0.0001,0.0001,0.0001,0.0001,0.0001,0.0001,0.0001,0.0001,0.0001,0.0001,0.0001,0.0001,0.0001,0.0001,0.0001,0.0001,0.0001,0.0001,0.0001,-7.609e-05,-7.609e-05,-7.609e-05,-7.609e-05,-7.609e-05,-7.609e-05,-7.609e-05,-7.609e-05,-7.609e-05,-7.609e-05,-7.609e-05,-7.609e-05,-7.609e-05,-7.609e-05,-7.609e-05,-7.609e-05,-7.609e-05,-7.609e-05,-7.609e-05,-7.609e-05,-7.609e-05,-7.609e-05,-7.609e-05,-7.609e-05,-7.609e-05,-7.609e-05,-7.609e-05,-7.609e-05,-7.609e-05,-7.609e-05,-7.609e-05,-7.609e-05,-7.609e-05,-7.609e-05,-0.00007609
STORJUSDT,0.0001,0.0001,0.0001,0.0001,0.0001,0.0001,0.0001,0.0001,0.0001,0.0001,0.0001,0.0001,0.0001,0.0001,0.0001,0.0001,0.0001,0.0001,0.0001,0.0001,0.0001,0.0001,0.0001,0.0001,0.0001,0.0001,0.0001,0.0001,0.0001,0.0001,0.0001,0.0001,0.0001,0.0001,0.0001,0.0001,0.0001,0.0001,2.83e-05,2.83e-05,2.83e-05,2.83e-05,2.83e-05,2.83e-05,2.83e-05,2.83e-05,2.83e-05,2.83e-05,2.83e-05,2.83e-05,2.83e-05,2.83e-05,2.83e-05,2.83e-05,2.83e-05,2.83e-05,2.83e-05,2.83e-05,2.83e-05,2.83e-05,2.83e-05,2.83e-05,2.83e-05,2.83e-05,2.83e-05,2.83e-05,2.83e-05,2.83e-05,2.83e-05,2.83e-05,2.83e-05,2.83e-05,0.00002830
SUSHIUSDT,0.0001,0.0001,0.0001,0.0001,0.0001,0.0001,0.0001,0.0001,0.0001,0.0001,0.0001,0.0001,0.0001,0.0001,0.0001,0.0001,0.0001,0.0001,0.0001,0.0001,0.0001,0.0001,0.0001,0.0001,0.0001,0.0001,0.0001,0.0001,0.0001,0.0001,0.0001,0.0001,0.0001,0.0001,0.0001,0.0001,0.0001,0.0001,2.759e-05,2.759e-05,2.759e-05,2.759e-05,2.759e-05,2.759e-05,2.759e-05,2.759e-05,2.759e-05,2.759e-05,2.759e-05,2.759e-05,2.759e-05,2.759e-05,2.759e-05,2.759e-05,2.759e-05,2.759e-05,2.759e-05,2.759e-05,2.759e-05,2.759e-05,2.759e-05,2.759e-05,2.759e-05,2.759e-05,2.759e-05,2.759e-05,2.759e-05,2.759e-05,2.759e-05,2.759e-05,2.759e-05,2.759e-05,0.00002759
SXPUSDT,0.0001,0.0001,2.871e-05,2.871e-05,2.871e-05,2.871e-05,2.871e-05,2.871e-05,2.871e-05,2.871e-05,2.871e-05,2.871e-05,2.871e-05,2.871e-05,2.871e-05,2.871e-05,2.871e-05,2.871e-05,2.871e-05,2.871e-05,2.871e-05,2.871e-05,2.871e-05,2.871e-05,2.871e-05,2.871e-05,2.871e-05,2.871e-05,2.871e-05,2.871e-05,2.871e-05,2.871e-05,2.871e-05,2.871e-05,2.871e-05,2.871e-05,2.871e-05,2.871e-05,-0.00030602,-0.00030602,-0.00030602,-0.00030602,-0.00030602,-0.00030602,-0.00030602,-0.00030602,-0.00030602,-0.00030602,-0.00030602,-0.00030602,-0.00030602,-0.00030602,-0.00030602,-0.00030602,-0.00030602,-0.00030602,-0.00030602,-0.00030602,-0.00030602,-0.00030602,-0.00030602,-0.00030602,-0.00030602,-0.00030602,-0.00030602,-0.00030602,-0.00030602,-0.00030602,-0.00030602,-0.00030602,-0.00030602,-0.00030602,-0.00030602
THETAUSDT,0.0001,0.0001,0.0001,0.0001,0.0001,0.0001,0.0001,0.0001,0.0001,0.0001,0.0001,0.0001,0.0001,0.0001,0.0001,0.0001,0.0001,0.0001,0.0001,0.0001,0.0001,0.0001,0.0001,0.0001,0.0001,0.0001,0.0001,0.0001,0.0001,0.0001,0.0001,0.0001,0.0001,0.0001,0.0001,0.0001,0.0001,0.0001,7.59e-06,7.59e-06,7.59e-06,7.59e-06,7.59e-06,7.59e-06,7.59e-06,7.59e-06,7.59e-06,7.59e-06,7.59e-06,7.59e-06,7.59e-06,7.59e-06,7.59e-06,7.59e-06,7.59e-06,7.59e-06,7.59e-06,7.59e-06,7.59e-06,7.59e-06,7.59e-06,7.59e-06,7.59e-06,7.59e-06,7.59e-06,7.59e-06,7.59e-06,7.59e-06,7.59e-06,7.59e-06,7.59e-06,7.59e-06,0.00000759
TLMUSDT,0.0001,0.0001,4.02e-06,4.02e-06,4.02e-06,4.02e-06,4.02e-06,4.02e-06,4.02e-06,4.02e-06,4.02e-06,4.02e-06,4.02e-06,4.02e-06,4.02e-06,4.02e-06,4.02e-06,4.02e-06,4.02e-06,4.02e-06,4.02e-06,4.02e-06,4.02e-06,4.02e-06,4.02e-06,4.02e-06,4.02e-06,4.02e-06,4.02e-06,4.02e-06,4.02e-06,4.02e-06,4.02e-06,4.02e-06,4.02e-06,4.02e-06,4.02e-06,4.02e-06,-2.868e-05,-2.868e-05,-2.868e-05,-2.868e-05,-2.868e-05,-2.868e-05,-2.868e-05,-2.868e-05,-2.868e-05,-2.868e-05,-2.868e-05,-2.868e-05,-2.868e-05,-2.868e-05,-2.868e-05,-2.868e-05,-2.868e-05,-2.868e-05,-2.868e-05,-2.868e-05,-2.868e-05,-2.868e-05,-2.868e-05,-2.868e-05,-2.868e-05,-2.868e-05,-2.868e-05,-2.868e-05,-2.868e-05,-2.868e-05,-2.868e-05,-2.868e-05,-2.868e-05,-2.868e-05,-0.00002868
TOMOUSDT,0.0001,0.0001,0.0001,0.0001,0.0001,0.0001,0.0001,0.0001,0.0001,0.0001,0.0001,0.0001,0.0001,0.0001,0.0001,0.0001,0.0001,0.0001,0.0001,0.0001,0.0001,0.0001,0.0001,0.0001,0.0001,0.0001,0.0001,0.0001,0.0001,0.0001,0.0001,0.0001,0.0001,0.0001,0.0001,0.0001,0.0001,0.0001,0.0001,0.0001,0.0001,0.0001,0.0001,0.0001,0.0001,0.0001,0.0001,0.0001,0.0001,0.0001,0.0001,0.0001,0.0001,0.0001,0.0001,0.0001,0.0001,0.0001,0.0001,0.0001,0.0001,0.0001,0.0001,0.0001,0.0001,0.0001,0.0001,0.0001,0.0001,0.0001,0.0001,0.0001,0.00010000
TRBUSDT,0.0001,0.0001,0.0001,0.0001,0.0001,0.0001,0.0001,0.0001,0.0001,0.0001,0.0001,0.0001,0.0001,0.0001,0.0001,0.0001,0.0001,0.0001,0.0001,0.0001,0.0001,0.0001,0.0001,0.0001,0.0001,0.0001,0.0001,0.0001,0.0001,0.0001,0.0001,0.0001,0.0001,0.0001,0.0001,0.0001,0.0001,0.0001,0.0001,0.0001,0.0001,0.0001,0.0001,0.0001,0.0001,0.0001,0.0001,0.0001,0.0001,0.0001,0.0001,0.0001,0.0001,0.0001,0.0001,0.0001,0.0001,0.0001,0.0001,0.0001,0.0001,0.0001,0.0001,0.0001,0.0001,0.0001,0.0001,0.0001,0.0001,0.0001,0.0001,0.0001,0.00010000
TRXUSDT,0.0001,0.0001,7.72e-06,7.72e-06,7.72e-06,7.72e-06,7.72e-06,7.72e-06,7.72e-06,7.72e-06,7.72e-06,7.72e-06,7.72e-06,7.72e-06,7.72e-06,7.72e-06,7.72e-06,7.72e-06,7.72e-06,7.72e-06,7.72e-06,7.72e-06,7.72e-06,7.72e-06,7.72e-06,7.72e-06,7.72e-06,7.72e-06,7.72e-06,7.72e-06,7.72e-06,7.72e-06,7.72e-06,7.72e-06,7.72e-06,7.72e-06,7.72e-06,7.72e-06,6.934e-05,6.934e-05,6.934e-05,6.934e-05,6.934e-05,6.934e-05,6.934e-05,6.934e-05,6.934e-05,6.934e-05,6.934e-05,6.934e-05,6.934e-05,6.934e-05,6.934e-05,6.934e-05,6.934e-05,6.934e-05,6.934e-05,6.934e-05,6.934e-05,6.934e-05,6.934e-05,6.934e-05,6.934e-05,6.934e-05,6.934e-05,6.934e-05,6.934e-05,6.934e-05,6.934e-05,6.934e-05,6.934e-05,6.934e-05,0.00006934
UNFIUSDT,0.0001,0.0001,0.0001,0.0001,0.0001,0.0001,0.0001,0.0001,0.0001,0.0001,0.0001,0.0001,0.0001,0.0001,0.0001,0.0001,0.0001,0.0001,0.0001,0.0001,0.0001,0.0001,0.0001,0.0001,0.0001,0.0001,0.0001,0.0001,0.0001,0.0001,0.0001,0.0001,0.0001,0.0001,0.0001,0.0001,0.0001,0.0001,0.0001,0.0001,0.0001,0.0001,0.0001,0.0001,0.0001,0.0001,0.0001,0.0001,0.0001,0.0001,0.0001,0.0001,0.0001,0.0001,0.0001,0.0001,0.0001,0.0001,0.0001,0.0001,0.0001,0.0001,0.0001,0.0001,0.0001,0.0001,0.0001,0.0001,0.0001,0.0001,0.0001,0.0001,0.00010000
UNIUSDT,0.0001,0.0001,0.0001,0.0001,0.0001,0.0001,0.0001,0.0001,0.0001,0.0001,0.0001,0.0001,0.0001,0.0001,0.0001,0.0001,0.0001,0.0001,0.0001,0.0001,0.0001,0.0001,0.0001,0.0001,0.0001,0.0001,0.0001,0.0001,0.0001,0.0001,0.0001,0.0001,0.0001,0.0001,0.0001,0.0001,0.0001,0.0001,-3.201e-05,-3.201e-05,-3.201e-05,-3.201e-05,-3.201e-05,-3.201e-05,-3.201e-05,-3.201e-05,-3.201e-05,-3.201e-05,-3.201e-05,-3.201e-05,-3.201e-05,-3.201e-05,-3.201e-05,-3.201e-05,-3.201e-05,-3.201e-05,-3.201e-05,-3.201e-05,-3.201e-05,-3.201e-05,-3.201e-05,-3.201e-05,-3.201e-05,-3.201e-05,-3.201e-05,-3.201e-05,-3.201e-05,-3.201e-05,-3.201e-05,-3.201e-05,-3.201e-05,-3.201e-05,-0.00003201
VETUSDT,0.0001,0.0001,0.0001,0.0001,0.0001,0.0001,0.0001,0.0001,0.0001,0.0001,0.0001,0.0001,0.0001,0.0001,0.0001,0.0001,0.0001,0.0001,0.0001,0.0001,0.0001,0.0001,0.0001,0.0001,0.0001,0.0001,0.0001,0.0001,0.0001,0.0001,0.0001,0.0001,0.0001,0.0001,0.0001,0.0001,0.0001,0.0001,-0.00010207,-0.00010207,-0.00010207,-0.00010207,-0.00010207,-0.00010207,-0.00010207,-0.00010207,-0.00010207,-0.00010207,-0.00010207,-0.00010207,-0.00010207,-0.00010207,-0.00010207,-0.00010207,-0.00010207,-0.00010207,-0.00010207,-0.00010207,-0.00010207,-0.00010207,-0.00010207,-0.00010207,-0.00010207,-0.00010207,-0.00010207,-0.00010207,-0.00010207,-0.00010207,-0.00010207,-0.00010207,-0.00010207,-0.00010207,-0.00010207
WAVESUSDT,-0.00026009,-0.00026009,-3.269e-05,-3.269e-05,-3.269e-05,-3.269e-05,-3.269e-05,-3.269e-05,-3.269e-05,-3.269e-05,-3.269e-05,-3.269e-05,-3.269e-05,-3.269e-05,-3.269e-05,-3.269e-05,-3.269e-05,-3.269e-05,-3.269e-05,-3.269e-05,-3.269e-05,-3.269e-05,-3.269e-05,-3.269e-05,-3.269e-05,-3.269e-05,-3.269e-05,-3.269e-05,-3.269e-05,-3.269e-05,-3.269e-05,-3.269e-05,-3.269e-05,-3.269e-05,-3.269e-05,-3.269e-05,-3.269e-05,-3.269e-05,6.739e-05,6.739e-05,6.739e-05,6.739e-05,6.739e-05,6.739e-05,6.739e-05,6.739e-05,6.739e-05,6.739e-05,6.739e-05,6.739e-05,6.739e-05,6.739e-05,6.739e-05,6.739e-05,6.739e-05,6.739e-05,6.739e-05,6.739e-05,6.739e-05,6.739e-05,6.739e-05,6.739e-05,6.739e-05,6.739e-05,6.739e-05,6.739e-05,6.739e-05,6.739e-05,6.739e-05,6.739e-05,6.739e-05,6.739e-05,0.00006739
XEMUSDT,-0.0005635,-0.0005635,-0.00061988,-0.00061988,-0.00061988,-0.00061988,-0.00061988,-0.00061988,-0.00061988,-0.00061988,-0.00061988,-0.00061988,-0.00061988,-0.00061988,-0.00061988,-0.00061988,-0.00061988,-0.00061988,-0.00061988,-0.00061988,-0.00061988,-0.00061988,-0.00061988,-0.00061988,-0.00061988,-0.00061988,-0.00061988,-0.00061988,-0.00061988,-0.00061988,-0.00061988,-0.00061988,-0.00061988,-0.00061988,-0.00061988,-0.00061988,-0.00061988,-0.00061988,-0.00061702,-0.00061702,-0.00061702,-0.00061702,-0.00061702,-0.00061702,-0.00061702,-0.00061702,-0.00061702,-0.00061702,-0.00061702,-0.00061702,-0.00061702,-0.00061702,-0.00061702,-0.00061702,-0.00061702,-0.00061702,-0.00061702,-0.00061702,-0.00061702,-0.00061702,-0.00061702,-0.00061702,-0.00061702,-0.00061702,-0.00061702,-0.00061702,-0.00061702,-0.00061702,-0.00061702,-0.00061702,-0.00061702,-0.00061702,-0.00061702
XLMUSDT,0.0001,0.0001,7.839e-05,7.839e-05,7.839e-05,7.839e-05,7.839e-05,7.839e-05,7.839e-05,7.839e-05,7.839e-05,7.839e-05,7.839e-05,7.839e-05,7.839e-05,7.839e-05,7.839e-05,7.839e-05,7.839e-05,7.839e-05,7.839e-05,7.839e-05,7.839e-05,7.839e-05,7.839e-05,7.839e-05,7.839e-05,7.839e-05,7.839e-05,7.839e-05,7.839e-05,7.839e-05,7.839e-05,7.839e-05,7.839e-05,7.839e-05,7.839e-05,7.839e-05,6.563e-05,6.563e-05,6.563e-05,6.563e-05,6.563e-05,6.563e-05,6.563e-05,6.563e-05,6.563e-05,6.563e-05,6.563e-05,6.563e-05,6.563e-05,6.563e-05,6.563e-05,6.563e-05,6.563e-05,6.563e-05,6.563e-05,6.563e-05,6.563e-05,6.563e-05,6.563e-05,6.563e-05,6.563e-05,6.563e-05,6.563e-05,6.563e-05,6.563e-05,6.563e-05,6.563e-05,6.563e-05,6.563e-05,6.563e-05,0.00006563
XMRUSDT,0.0001,0.0001,0.0001,0.0001,0.0001,0.0001,0.0001,0.0001,0.0001,0.0001,0.0001,0.0001,0.0001,0.0001,0.0001,0.0001,0.0001,0.0001,0.0001,0.0001,0.0001,0.0001,0.0001,0.0001,0.0001,0.0001,0.0001,0.0001,0.0001,0.0001,0.0001,0.0001,0.0001,0.0001,0.0001,0.0001,0.0001,0.0001,0.0001,0.0001,0.0001,0.0001,0.0001,0.0001,0.0001,0.0001,0.0001,0.0001,0.0001,0.0001,0.0001,0.0001,0.0001,0.0001,0.0001,0.0001,0.0001,0.0001,0.0001,0.0001,0.0001,0.0001,0.0001,0.0001,0.0001,0.0001,0.0001,0.0001,0.0001,0.0001,0.0001,0.0001,0.00010000
XRPBUSD,-5.977e-05,-5.977e-05,0.0001,0.0001,0.0001,0.0001,0.0001,0.0001,0.0001,0.0001,0.0001,0.0001,0.0001,0.0001,0.0001,0.0001,0.0001,0.0001,0.0001,0.0001,0.0001,0.0001,0.0001,0.0001,0.0001,0.0001,0.0001,0.0001,0.0001,0.0001,0.0001,0.0001,0.0001,0.0001,0.0001,0.0001,0.0001,0.0001,0.0001,0.0001,0.0001,0.0001,0.0001,0.0001,0.0001,0.0001,0.0001,0.0001,0.0001,0.0001,0.0001,0.0001,0.0001,0.0001,0.0001,0.0001,0.0001,0.0001,0.0001,0.0001,0.0001,0.0001,0.0001,0.0001,0.0001,0.0001,0.0001,0.0001,0.0001,0.0001,0.0001,0.0001,0.00010000
XRPUSDT,0.0001,0.0001,0.0001,0.0001,0.0001,0.0001,0.0001,0.0001,0.0001,0.0001,0.0001,0.0001,0.0001,0.0001,0.0001,0.0001,0.0001,0.0001,0.0001,0.0001,0.0001,0.0001,0.0001,0.0001,0.0001,0.0001,0.0001,0.0001,0.0001,0.0001,0.0001,0.0001,0.0001,0.0001,0.0001,0.0001,0.0001,0.0001,0.0001,0.0001,0.0001,0.0001,0.0001,0.0001,0.0001,0.0001,0.0001,0.0001,0.0001,0.0001,0.0001,0.0001,0.0001,0.0001,0.0001,0.0001,0.0001,0.0001,0.0001,0.0001,0.0001,0.0001,0.0001,0.0001,0.0001,0.0001,0.0001,0.0001,0.0001,0.0001,0.0001,0.0001,0.00010000
XTZUSDT,0.0001,0.0001,-9.454e-05,-9.454e-05,-9.454e-05,-9.454e-05,-9.454e-05,-9.454e-05,-9.454e-05,-9.454e-05,-9.454e-05,-9.454e-05,-9.454e-05,-9.454e-05,-9.454e-05,-9.454e-05,-9.454e-05,-9.454e-05,-9.454e-05,-9.454e-05,-9.454e-05,-9.454e-05,-9.454e-05,-9.454e-05,-9.454e-05,-9.454e-05,-9.454e-05,-9.454e-05,-9.454e-05,-9.454e-05,-9.454e-05,-9.454e-05,-9.454e-05,-9.454e-05,-9.454e-05,-9.454e-05,-9.454e-05,-9.454e-05,2.313e-05,2.313e-05,2.313e-05,2.313e-05,2.313e-05,2.313e-05,2.313e-05,2.313e-05,2.313e-05,2.313e-05,2.313e-05,2.313e-05,2.313e-05,2.313e-05,2.313e-05,2.313e-05,2.313e-05,2.313e-05,2.313e-05,2.313e-05,2.313e-05,2.313e-05,2.313e-05,2.313e-05,2.313e-05,2.313e-05,2.313e-05,2.313e-05,2.313e-05,2.313e-05,2.313e-05,2.313e-05,2.313e-05,2.313e-05,0.00002313
YFIIUSDT,0.0001,0.0001,0.0001,0.0001,0.0001,0.0001,0.0001,0.0001,0.0001,0.0001,0.0001,0.0001,0.0001,0.0001,0.0001,0.0001,0.0001,0.0001,0.0001,0.0001,0.0001,0.0001,0.0001,0.0001,0.0001,0.0001,0.0001,0.0001,0.0001,0.0001,0.0001,0.0001,0.0001,0.0001,0.0001,0.0001,0.0001,0.0001,0.0001,0.0001,0.0001,0.0001,0.0001,0.0001,0.0001,0.0001,0.0001,0.0001,0.0001,0.0001,0.0001,0.0001,0.0001,0.0001,0.0001,0.0001,0.0001,0.0001,0.0001,0.0001,0.0001,0.0001,0.0001,0.0001,0.0001,0.0001,0.0001,0.0001,0.0001,0.0001,0.0001,0.0001,0.00010000
YFIUSDT,0.0001,0.0001,0.0001,0.0001,0.0001,0.0001,0.0001,0.0001,0.0001,0.0001,0.0001,0.0001,0.0001,0.0001,0.0001,0.0001,0.0001,0.0001,0.0001,0.0001,0.0001,0.0001,0.0001,0.0001,0.0001,0.0001,0.0001,0.0001,0.0001,0.0001,0.0001,0.0001,0.0001,0.0001,0.0001,0.0001,0.0001,0.0001,0.0001,0.0001,0.0001,0.0001,0.0001,0.0001,0.0001,0.0001,0.0001,0.0001,0.0001,0.0001,0.0001,0.0001,0.0001,0.0001,0.0001,0.0001,0.0001,0.0001,0.0001,0.0001,0.0001,0.0001,0.0001,0.0001,0.0001,0.0001,0.0001,0.0001,0.0001,0.0001,0.0001,0.0001,0.00010000
ZECUSDT,0.0001,0.0001,0.0001,0.0001,0.0001,0.0001,0.0001,0.0001,0.0001,0.0001,0.0001,0.0001,0.0001,0.0001,0.0001,0.0001,0.0001,0.0001,0.0001,0.0001,0.0001,0.0001,0.0001,0.0001,0.0001,0.0001,0.0001,0.0001,0.0001,0.0001,0.0001,0.0001,0.0001,0.0001,0.0001,0.0001,0.0001,0.0001,0.0001,0.0001,0.0001,0.0001,0.0001,0.0001,0.0001,0.0001,0.0001,0.0001,0.0001,0.0001,0.0001,0.0001,0.0001,0.0001,0.0001,0.0001,0.0001,0.0001,0.0001,0.0001,0.0001,0.0001,0.0001,0.0001,0.0001,0.0001,0.0001,0.0001,0.0001,0.0001,0.0001,0.0001,0.00010000
ZENUSDT,0.0001,0.0001,0.0001,0.0001,0.0001,0.0001,0.0001,0.0001,0.0001,0.0001,0.0001,0.0001,0.0001,0.0001,0.0001,0.0001,0.0001,0.0001,0.0001,0.0001,0.0001,0.0001,0.0001,0.0001,0.0001,0.0001,0.0001,0.0001,0.0001,0.0001,0.0001,0.0001,0.0001,0.0001,0.0001,0.0001,0.0001,0.0001,0.0001,0.0001,0.0001,0.0001,0.0001,0.0001,0.0001,0.0001,0.0001,0.0001,0.0001,0.0001,0.0001,0.0001,0.0001,0.0001,0.0001,0.0001,0.0001,0.0001,0.0001,0.0001,0.0001,0.0001,0.0001,0.0001,0.0001,0.0001,0.0001,0.0001,0.0001,0.0001,0.0001,0.0001,0.00010000
ZILUSDT,1.131e-05,1.131e-05,5.601e-05,5.601e-05,5.601e-05,5.601e-05,5.601e-05,5.601e-05,5.601e-05,5.601e-05,5.601e-05,5.601e-05,5.601e-05,5.601e-05,5.601e-05,5.601e-05,5.601e-05,5.601e-05,5.601e-05,5.601e-05,5.601e-05,5.601e-05,5.601e-05,5.601e-05,5.601e-05,5.601e-05,5.601e-05,5.601e-05,5.601e-05,5.601e-05,5.601e-05,5.601e-05,5.601e-05,5.601e-05,5.601e-05,5.601e-05,5.601e-05,5.601e-05,-4.528e-05,-4.528e-05,-4.528e-05,-4.528e-05,-4.528e-05,-4.528e-05,-4.528e-05,-4.528e-05,-4.528e-05,-4.528e-05,-4.528e-05,-4.528e-05,-4.528e-05,-4.528e-05,-4.528e-05,-4.528e-05,-4.528e-05,-4.528e-05,-4.528e-05,-4.528e-05,-4.528e-05,-4.528e-05,-4.528e-05,-4.528e-05,-4.528e-05,-4.528e-05,-4.528e-05,-4.528e-05,-4.528e-05,-4.528e-05,-4.528e-05,-4.528e-05,-4.528e-05,-4.528e-05,-0.00004528
ZRXUSDT,0.0001,0.0001,0.0001,0.0001,0.0001,0.0001,0.0001,0.0001,0.0001,0.0001,0.0001,0.0001,0.0001,0.0001,0.0001,0.0001,0.0001,0.0001,0.0001,0.0001,0.0001,0.0001,0.0001,0.0001,0.0001,0.0001,0.0001,0.0001,0.0001,0.0001,0.0001,0.0001,0.0001,0.0001,0.0001,0.0001,0.0001,0.0001,0.0001,0.0001,0.0001,0.0001,0.0001,0.0001,0.0001,0.0001,0.0001,0.0001,0.0001,0.0001,0.0001,0.0001,0.0001,0.0001,0.0001,0.0001,0.0001,0.0001,0.0001,0.0001,0.0001,0.0001,0.0001,0.0001,0.0001,0.0001,0.0001,0.0001,0.0001,0.0001,0.0001,0.0001,0.00010000
